Entity,Code,Year,Share of the population using at least a basic drinking water source
Afghanistan,AFG,2000,29.730967
Afghanistan,AFG,2001,29.762926
Afghanistan,AFG,2002,31.836077
Afghanistan,AFG,2003,33.90863
Afghanistan,AFG,2004,35.999355
Afghanistan,AFG,2005,38.108055
Afghanistan,AFG,2006,40.215763
Afghanistan,AFG,2007,42.429497
Afghanistan,AFG,2008,44.653793
Afghanistan,AFG,2009,46.888584
Afghanistan,AFG,2010,49.133797
Afghanistan,AFG,2011,51.38967
Afghanistan,AFG,2012,53.65581
Afghanistan,AFG,2013,55.932137
Afghanistan,AFG,2014,58.218575
Afghanistan,AFG,2015,60.515347
Afghanistan,AFG,2016,62.82207
Afghanistan,AFG,2017,65.142136
Afghanistan,AFG,2018,67.47587
Afghanistan,AFG,2019,69.8227
Afghanistan,AFG,2020,72.18207
Afghanistan,AFG,2021,74.55453
Afghanistan,AFG,2022,76.93921
Afghanistan,AFG,2023,78.92657
Afghanistan,AFG,2024,80.832436
Africa (WHO),WHO_AFR,2000,47.57725
Africa (WHO),WHO_AFR,2001,48.323383
Africa (WHO),WHO_AFR,2002,49.149815
Africa (WHO),WHO_AFR,2003,50.00732
Africa (WHO),WHO_AFR,2004,50.877357
Africa (WHO),WHO_AFR,2005,51.757347
Africa (WHO),WHO_AFR,2006,52.657143
Africa (WHO),WHO_AFR,2007,53.552303
Africa (WHO),WHO_AFR,2008,54.4691
Africa (WHO),WHO_AFR,2009,55.391773
Africa (WHO),WHO_AFR,2010,56.316017
Africa (WHO),WHO_AFR,2011,57.052536
Africa (WHO),WHO_AFR,2012,57.972317
Africa (WHO),WHO_AFR,2013,58.895576
Africa (WHO),WHO_AFR,2014,59.829082
Africa (WHO),WHO_AFR,2015,60.7395
Africa (WHO),WHO_AFR,2016,61.62514
Africa (WHO),WHO_AFR,2017,62.513073
Africa (WHO),WHO_AFR,2018,63.383644
Africa (WHO),WHO_AFR,2019,64.24712
Africa (WHO),WHO_AFR,2020,65.10249
Africa (WHO),WHO_AFR,2021,65.95625
Africa (WHO),WHO_AFR,2022,66.675255
Africa (WHO),WHO_AFR,2023,67.54997
Africa (WHO),WHO_AFR,2024,68.33848
Albania,ALB,2000,86.39704
Albania,ALB,2001,86.90407
Albania,ALB,2002,87.45164
Albania,ALB,2003,87.98719
Albania,ALB,2004,88.51058
Albania,ALB,2005,89.02119
Albania,ALB,2006,89.519135
Albania,ALB,2007,90.00419
Albania,ALB,2008,90.47615
Albania,ALB,2009,90.93441
Albania,ALB,2010,91.37948
Albania,ALB,2011,91.81088
Albania,ALB,2012,92.22878
Albania,ALB,2013,92.63159
Albania,ALB,2014,93.02005
Albania,ALB,2015,93.394325
Albania,ALB,2016,93.754875
Albania,ALB,2017,94.1021
Albania,ALB,2018,94.43639
Albania,ALB,2019,94.758224
Albania,ALB,2020,95.06804
Albania,ALB,2021,95.08151
Albania,ALB,2022,95.09457
Albania,ALB,2023,95.10721
Albania,ALB,2024,95.11943
Algeria,DZA,2000,88.993805
Algeria,DZA,2001,89.1698
Algeria,DZA,2002,89.34364
Algeria,DZA,2003,89.51511
Algeria,DZA,2004,89.68422
Algeria,DZA,2005,89.85078
Algeria,DZA,2006,90.01502
Algeria,DZA,2007,90.17674
Algeria,DZA,2008,90.3362
Algeria,DZA,2009,90.49186
Algeria,DZA,2010,90.64434
Algeria,DZA,2011,90.79335
Algeria,DZA,2012,90.954704
Algeria,DZA,2013,91.11286
Algeria,DZA,2014,91.26806
Algeria,DZA,2015,91.42015
Algeria,DZA,2016,91.5694
Algeria,DZA,2017,91.71564
Algeria,DZA,2018,91.85912
Algeria,DZA,2019,91.9998
Algeria,DZA,2020,92.137825
Algeria,DZA,2021,92.27323
Algeria,DZA,2022,92.32367
Algeria,DZA,2023,92.37264
Algeria,DZA,2024,92.42003
American Samoa,ASM,2000,95.03448
American Samoa,ASM,2001,95.26989
American Samoa,ASM,2002,95.5053
American Samoa,ASM,2003,95.740715
American Samoa,ASM,2004,95.97613
American Samoa,ASM,2005,96.21154
American Samoa,ASM,2006,96.446945
American Samoa,ASM,2007,96.68236
American Samoa,ASM,2008,96.91777
American Samoa,ASM,2009,97.15318
American Samoa,ASM,2010,97.388596
American Samoa,ASM,2011,97.62401
American Samoa,ASM,2012,97.85942
American Samoa,ASM,2013,98.09483
American Samoa,ASM,2014,98.330246
American Samoa,ASM,2015,98.56566
American Samoa,ASM,2016,98.80107
American Samoa,ASM,2017,99.03648
American Samoa,ASM,2018,99.2719
American Samoa,ASM,2019,99.5073
American Samoa,ASM,2020,99.742714
American Samoa,ASM,2021,99.97813
American Samoa,ASM,2022,100.0
American Samoa,ASM,2023,100.0
American Samoa,ASM,2024,100.0
Americas (WHO),WHO_AMR,2000,94.20132
Americas (WHO),WHO_AMR,2001,94.43315
Americas (WHO),WHO_AMR,2002,94.655655
Americas (WHO),WHO_AMR,2003,94.87448
Americas (WHO),WHO_AMR,2004,95.08357
Americas (WHO),WHO_AMR,2005,95.07553
Americas (WHO),WHO_AMR,2006,95.27178
Americas (WHO),WHO_AMR,2007,95.45256
Americas (WHO),WHO_AMR,2008,95.62844
Americas (WHO),WHO_AMR,2009,95.79775
Americas (WHO),WHO_AMR,2010,95.993515
Americas (WHO),WHO_AMR,2011,96.19235
Americas (WHO),WHO_AMR,2012,96.38616
Americas (WHO),WHO_AMR,2013,96.57118
Americas (WHO),WHO_AMR,2014,96.75338
Americas (WHO),WHO_AMR,2015,96.93256
Americas (WHO),WHO_AMR,2016,97.10648
Americas (WHO),WHO_AMR,2017,97.17003
Americas (WHO),WHO_AMR,2018,97.381744
Americas (WHO),WHO_AMR,2019,97.56072
Americas (WHO),WHO_AMR,2020,97.754135
Americas (WHO),WHO_AMR,2021,97.95826
Americas (WHO),WHO_AMR,2022,98.1112
Americas (WHO),WHO_AMR,2023,98.25711
Americas (WHO),WHO_AMR,2024,98.35549
Andorra,AND,2000,100.0
Andorra,AND,2001,100.0
Andorra,AND,2002,100.0
Andorra,AND,2003,100.0
Andorra,AND,2004,99.99999
Andorra,AND,2005,100.0
Andorra,AND,2006,100.0
Andorra,AND,2007,100.0
Andorra,AND,2008,100.0
Andorra,AND,2009,100.0
Andorra,AND,2010,100.0
Andorra,AND,2011,100.0
Andorra,AND,2012,100.0
Andorra,AND,2013,100.0
Andorra,AND,2014,100.0
Andorra,AND,2015,100.0
Andorra,AND,2016,100.0
Andorra,AND,2017,100.0
Andorra,AND,2018,100.0
Andorra,AND,2019,100.0
Andorra,AND,2020,99.99999
Andorra,AND,2021,100.0
Andorra,AND,2022,100.0
Andorra,AND,2023,100.0
Andorra,AND,2024,100.0
Angola,AGO,2000,37.842236
Angola,AGO,2001,38.338818
Angola,AGO,2002,38.835392
Angola,AGO,2003,40.396515
Angola,AGO,2004,41.977238
Angola,AGO,2005,43.574345
Angola,AGO,2006,45.014
Angola,AGO,2007,46.468655
Angola,AGO,2008,47.93902
Angola,AGO,2009,49.423176
Angola,AGO,2010,50.922283
Angola,AGO,2011,52.43574
Angola,AGO,2012,53.962936
Angola,AGO,2013,55.503227
Angola,AGO,2014,57.05691
Angola,AGO,2015,58.619633
Angola,AGO,2016,60.192062
Angola,AGO,2017,61.773514
Angola,AGO,2018,63.36279
Angola,AGO,2019,64.15991
Angola,AGO,2020,64.94403
Angola,AGO,2021,65.716255
Angola,AGO,2022,66.476326
Angola,AGO,2023,67.22443
Angola,AGO,2024,67.96074
Anguilla,AIA,2000,96.16923
Anguilla,AIA,2001,96.27023
Anguilla,AIA,2002,96.37124
Anguilla,AIA,2003,96.472244
Anguilla,AIA,2004,96.57324
Anguilla,AIA,2005,96.67425
Anguilla,AIA,2006,96.77525
Anguilla,AIA,2007,96.87625
Anguilla,AIA,2008,96.97726
Anguilla,AIA,2009,97.07826
Anguilla,AIA,2010,97.17927
Anguilla,AIA,2011,97.280266
Anguilla,AIA,2012,97.38127
Anguilla,AIA,2013,97.48228
Anguilla,AIA,2014,97.48228
Anguilla,AIA,2015,97.48228
Anguilla,AIA,2016,97.48228
Anguilla,AIA,2017,97.48228
Antigua and Barbuda,ATG,2000,97.45779
Antigua and Barbuda,ATG,2001,97.52484
Antigua and Barbuda,ATG,2002,97.589325
Antigua and Barbuda,ATG,2003,97.654976
Antigua and Barbuda,ATG,2004,97.72178
Antigua and Barbuda,ATG,2005,97.7897
Antigua and Barbuda,ATG,2006,97.85875
Antigua and Barbuda,ATG,2007,97.92888
Antigua and Barbuda,ATG,2008,98.000084
Antigua and Barbuda,ATG,2009,98.07236
Antigua and Barbuda,ATG,2010,98.14566
Antigua and Barbuda,ATG,2011,98.22017
Antigua and Barbuda,ATG,2012,98.297104
Antigua and Barbuda,ATG,2013,98.37434
Antigua and Barbuda,ATG,2014,98.45187
Antigua and Barbuda,ATG,2015,98.52969
Antigua and Barbuda,ATG,2016,98.60784
Antigua and Barbuda,ATG,2017,98.68624
Antigua and Barbuda,ATG,2018,98.764854
Antigua and Barbuda,ATG,2019,98.84362
Antigua and Barbuda,ATG,2020,98.92249
Antigua and Barbuda,ATG,2021,98.92262
Antigua and Barbuda,ATG,2022,98.922714
Antigua and Barbuda,ATG,2023,98.922745
Antigua and Barbuda,ATG,2024,98.92273
Argentina,ARG,2000,96.28403
Argentina,ARG,2001,96.52282
Argentina,ARG,2002,96.75547
Argentina,ARG,2003,96.982414
Argentina,ARG,2004,97.20434
Argentina,ARG,2005,97.42119
Argentina,ARG,2006,97.63321
Argentina,ARG,2007,97.84036
Argentina,ARG,2008,98.04288
Argentina,ARG,2009,98.24074
Argentina,ARG,2010,98.43405
Argentina,ARG,2011,98.62186
Argentina,ARG,2012,98.8053
Argentina,ARG,2013,98.864204
Argentina,ARG,2014,98.92325
Argentina,ARG,2015,98.98231
Argentina,ARG,2016,99.041374
Armenia,ARM,2000,95.66867
Armenia,ARM,2001,95.8831
Armenia,ARM,2002,96.111244
Armenia,ARM,2003,96.345116
Armenia,ARM,2004,96.580536
Armenia,ARM,2005,96.81747
Armenia,ARM,2006,97.056015
Armenia,ARM,2007,97.2961
Armenia,ARM,2008,97.537796
Armenia,ARM,2009,97.78104
Armenia,ARM,2010,98.02586
Armenia,ARM,2011,98.27229
Armenia,ARM,2012,98.520325
Armenia,ARM,2013,98.77056
Armenia,ARM,2014,99.01735
Armenia,ARM,2015,99.219894
Armenia,ARM,2016,99.320045
Armenia,ARM,2017,99.42045
Armenia,ARM,2018,99.46264
Armenia,ARM,2019,99.459175
Armenia,ARM,2020,99.456116
Armenia,ARM,2021,99.453476
Armenia,ARM,2022,99.91286
Armenia,ARM,2023,99.9222
Armenia,ARM,2024,99.93157
Aruba,ABW,2000,95.233536
Aruba,ABW,2001,95.359055
Aruba,ABW,2002,95.48457
Aruba,ABW,2003,95.6101
Aruba,ABW,2004,95.73562
Aruba,ABW,2005,95.86114
Aruba,ABW,2006,95.98666
Aruba,ABW,2007,96.112175
Aruba,ABW,2008,96.23769
Aruba,ABW,2009,96.36321
Aruba,ABW,2010,96.48874
Aruba,ABW,2011,96.61426
Aruba,ABW,2012,96.73978
Aruba,ABW,2013,96.73978
Aruba,ABW,2014,96.73978
Aruba,ABW,2015,96.73978
Aruba,ABW,2016,96.73978
Australia,AUS,2000,99.712296
Australia,AUS,2001,99.71124
Australia,AUS,2002,99.71219
Australia,AUS,2003,99.73436
Australia,AUS,2004,99.75634
Australia,AUS,2005,99.778145
Australia,AUS,2006,99.799774
Australia,AUS,2007,99.82125
Australia,AUS,2008,99.84255
Australia,AUS,2009,99.86368
Australia,AUS,2010,99.88314
Australia,AUS,2011,99.89197
Australia,AUS,2012,99.90077
Australia,AUS,2013,99.909584
Australia,AUS,2014,99.96148
Australia,AUS,2015,99.97001
Australia,AUS,2016,99.96997
Australia,AUS,2017,99.96993
Australia,AUS,2018,99.969894
Australia,AUS,2019,99.96986
Australia,AUS,2020,99.96982
Australia,AUS,2021,99.96977
Australia,AUS,2022,99.96973
Australia,AUS,2023,99.96968
Australia,AUS,2024,99.969635
Australia and New Zealand (UN SDG),UNSDG_ANZ,2000,99.760574
Australia and New Zealand (UN SDG),UNSDG_ANZ,2001,99.75956
Australia and New Zealand (UN SDG),UNSDG_ANZ,2002,99.76048
Australia and New Zealand (UN SDG),UNSDG_ANZ,2003,99.779175
Australia and New Zealand (UN SDG),UNSDG_ANZ,2004,99.79758
Australia and New Zealand (UN SDG),UNSDG_ANZ,2005,99.8157
Australia and New Zealand (UN SDG),UNSDG_ANZ,2006,99.83357
Australia and New Zealand (UN SDG),UNSDG_ANZ,2007,99.851234
Australia and New Zealand (UN SDG),UNSDG_ANZ,2008,99.86873
Australia and New Zealand (UN SDG),UNSDG_ANZ,2009,99.88617
Australia and New Zealand (UN SDG),UNSDG_ANZ,2010,99.90232
Australia and New Zealand (UN SDG),UNSDG_ANZ,2011,99.90959
Australia and New Zealand (UN SDG),UNSDG_ANZ,2012,99.916824
Australia and New Zealand (UN SDG),UNSDG_ANZ,2013,99.92413
Australia and New Zealand (UN SDG),UNSDG_ANZ,2014,99.96768
Australia and New Zealand (UN SDG),UNSDG_ANZ,2015,99.97485
Australia and New Zealand (UN SDG),UNSDG_ANZ,2016,99.974846
Australia and New Zealand (UN SDG),UNSDG_ANZ,2017,99.97483
Australia and New Zealand (UN SDG),UNSDG_ANZ,2018,99.97481
Australia and New Zealand (UN SDG),UNSDG_ANZ,2019,99.974785
Australia and New Zealand (UN SDG),UNSDG_ANZ,2020,99.974785
Australia and New Zealand (UN SDG),UNSDG_ANZ,2021,99.97474
Australia and New Zealand (UN SDG),UNSDG_ANZ,2022,99.974686
Australia and New Zealand (UN SDG),UNSDG_ANZ,2023,99.97464
Australia and New Zealand (UN SDG),UNSDG_ANZ,2024,99.974594
Austria,AUT,2000,100.0
Austria,AUT,2001,100.0
Austria,AUT,2002,100.0
Austria,AUT,2003,100.0
Austria,AUT,2004,100.0
Austria,AUT,2005,100.0
Austria,AUT,2006,100.0
Austria,AUT,2007,100.0
Austria,AUT,2008,100.0
Austria,AUT,2009,100.0
Austria,AUT,2010,100.0
Austria,AUT,2011,100.0
Austria,AUT,2012,100.0
Austria,AUT,2013,100.0
Austria,AUT,2014,100.0
Austria,AUT,2015,100.0
Austria,AUT,2016,100.0
Austria,AUT,2017,100.0
Austria,AUT,2018,100.0
Austria,AUT,2019,100.0
Austria,AUT,2020,100.0
Austria,AUT,2021,100.0
Austria,AUT,2022,100.0
Austria,AUT,2023,100.0
Austria,AUT,2024,100.0
Azerbaijan,AZE,2000,75.56276
Azerbaijan,AZE,2001,76.47357
Azerbaijan,AZE,2002,77.38592
Azerbaijan,AZE,2003,78.300415
Azerbaijan,AZE,2004,79.21664
Azerbaijan,AZE,2005,80.13421
Azerbaijan,AZE,2006,81.05339
Azerbaijan,AZE,2007,81.97438
Azerbaijan,AZE,2008,82.896545
Azerbaijan,AZE,2009,83.82008
Azerbaijan,AZE,2010,84.74875
Azerbaijan,AZE,2011,85.68163
Azerbaijan,AZE,2012,86.6181
Azerbaijan,AZE,2013,87.55772
Azerbaijan,AZE,2014,88.49958
Azerbaijan,AZE,2015,89.44304
Azerbaijan,AZE,2016,90.3874
Azerbaijan,AZE,2017,91.33198
Azerbaijan,AZE,2018,92.27607
Azerbaijan,AZE,2019,93.218834
Azerbaijan,AZE,2020,94.1597
Azerbaijan,AZE,2021,95.09775
Azerbaijan,AZE,2022,96.00356
Azerbaijan,AZE,2023,96.84904
Azerbaijan,AZE,2024,97.68809
Bahamas,BHS,2000,98.070595
Bahamas,BHS,2001,98.12891
Bahamas,BHS,2002,98.18722
Bahamas,BHS,2003,98.24553
Bahamas,BHS,2004,98.30384
Bahamas,BHS,2005,98.36215
Bahamas,BHS,2006,98.42046
Bahamas,BHS,2007,98.478775
Bahamas,BHS,2008,98.53709
Bahamas,BHS,2009,98.59539
Bahamas,BHS,2010,98.6537
Bahamas,BHS,2011,98.71201
Bahamas,BHS,2012,98.770325
Bahamas,BHS,2013,98.828636
Bahamas,BHS,2014,98.88695
Bahamas,BHS,2015,98.94526
Bahamas,BHS,2016,98.94526
Bahamas,BHS,2017,98.94526
Bahamas,BHS,2018,98.94526
Bahamas,BHS,2019,98.94526
Bahrain,BHR,2000,99.958664
Bahrain,BHR,2001,99.956726
Bahrain,BHR,2002,99.95479
Bahrain,BHR,2003,99.95285
Bahrain,BHR,2004,99.95091
Bahrain,BHR,2005,99.948975
Bahrain,BHR,2006,99.94704
Bahrain,BHR,2007,99.9451
Bahrain,BHR,2008,99.94316
Bahrain,BHR,2009,99.94122
Bahrain,BHR,2010,99.939285
Bahrain,BHR,2011,99.93735
Bahrain,BHR,2012,99.9354
Bahrain,BHR,2013,99.933464
Bahrain,BHR,2014,99.931526
Bahrain,BHR,2015,99.92959
Bahrain,BHR,2016,99.92765
Bahrain,BHR,2017,99.92571
Bahrain,BHR,2018,99.923775
Bahrain,BHR,2019,99.92184
Bahrain,BHR,2020,99.9199
Bahrain,BHR,2021,99.9199
Bahrain,BHR,2022,99.9199
Bahrain,BHR,2023,99.9199
Bahrain,BHR,2024,99.9199
Bangladesh,BGD,2000,94.556656
Bangladesh,BGD,2001,94.7287
Bangladesh,BGD,2002,94.905266
Bangladesh,BGD,2003,95.08058
Bangladesh,BGD,2004,95.25455
Bangladesh,BGD,2005,95.461586
Bangladesh,BGD,2006,95.666565
Bangladesh,BGD,2007,95.86936
Bangladesh,BGD,2008,96.069885
Bangladesh,BGD,2009,96.26805
Bangladesh,BGD,2010,96.46384
Bangladesh,BGD,2011,96.657135
Bangladesh,BGD,2012,96.84777
Bangladesh,BGD,2013,97.03565
Bangladesh,BGD,2014,97.2208
Bangladesh,BGD,2015,97.403145
Bangladesh,BGD,2016,97.582695
Bangladesh,BGD,2017,97.75942
Bangladesh,BGD,2018,97.93332
Bangladesh,BGD,2019,98.10436
Bangladesh,BGD,2020,98.272575
Bangladesh,BGD,2021,98.43794
Bangladesh,BGD,2022,98.5793
Bangladesh,BGD,2023,98.68167
Bangladesh,BGD,2024,98.78254
Barbados,BRB,2000,98.068565
Barbados,BRB,2001,98.116135
Barbados,BRB,2002,98.163704
Barbados,BRB,2003,98.21127
Barbados,BRB,2004,98.25884
Barbados,BRB,2005,98.30641
Barbados,BRB,2006,98.35397
Barbados,BRB,2007,98.40154
Barbados,BRB,2008,98.44911
Barbados,BRB,2009,98.49668
Barbados,BRB,2010,98.54425
Barbados,BRB,2011,98.59182
Barbados,BRB,2012,98.63939
Barbados,BRB,2013,98.68695
Barbados,BRB,2014,98.73452
Barbados,BRB,2015,98.78209
Barbados,BRB,2016,98.82966
Barbados,BRB,2017,98.87723
Barbados,BRB,2018,98.9248
Barbados,BRB,2019,98.97236
Barbados,BRB,2020,99.01993
Barbados,BRB,2021,99.0675
Barbados,BRB,2022,99.11507
Barbados,BRB,2023,99.162636
Barbados,BRB,2024,99.162636
Belarus,BLR,2000,97.85231
Belarus,BLR,2001,97.84886
Belarus,BLR,2002,97.84556
Belarus,BLR,2003,97.84223
Belarus,BLR,2004,97.92124
Belarus,BLR,2005,98.00092
Belarus,BLR,2006,98.08116
Belarus,BLR,2007,98.16161
Belarus,BLR,2008,98.24236
Belarus,BLR,2009,98.3241
Belarus,BLR,2010,98.40673
Belarus,BLR,2011,98.489876
Belarus,BLR,2012,98.573784
Belarus,BLR,2013,98.65837
Belarus,BLR,2014,98.74354
Belarus,BLR,2015,98.82922
Belarus,BLR,2016,98.91525
Belarus,BLR,2017,99.00151
Belarus,BLR,2018,99.088036
Belarus,BLR,2019,99.17501
Belarus,BLR,2020,99.262344
Belarus,BLR,2021,99.39322
Belarus,BLR,2022,99.85841
Belarus,BLR,2023,99.87559
Belarus,BLR,2024,99.892494
Belgium,BEL,2000,99.99999
Belgium,BEL,2001,100.0
Belgium,BEL,2002,100.0
Belgium,BEL,2003,100.0
Belgium,BEL,2004,100.0
Belgium,BEL,2005,100.0
Belgium,BEL,2006,100.0
Belgium,BEL,2007,100.0
Belgium,BEL,2008,100.0
Belgium,BEL,2009,100.0
Belgium,BEL,2010,100.0
Belgium,BEL,2011,100.0
Belgium,BEL,2012,100.0
Belgium,BEL,2013,100.0
Belgium,BEL,2014,100.0
Belgium,BEL,2015,100.0
Belgium,BEL,2016,100.0
Belgium,BEL,2017,100.0
Belgium,BEL,2018,100.0
Belgium,BEL,2019,100.0
Belgium,BEL,2020,100.0
Belgium,BEL,2021,100.0
Belgium,BEL,2022,100.0
Belgium,BEL,2023,100.0
Belgium,BEL,2024,100.0
Belize,BLZ,2000,89.4208
Belize,BLZ,2001,89.66722
Belize,BLZ,2002,89.91358
Belize,BLZ,2003,90.15989
Belize,BLZ,2004,90.406136
Belize,BLZ,2005,90.65232
Belize,BLZ,2006,90.89845
Belize,BLZ,2007,91.14454
Belize,BLZ,2008,91.39055
Belize,BLZ,2009,91.63651
Belize,BLZ,2010,91.880165
Belize,BLZ,2011,92.12488
Belize,BLZ,2012,92.37076
Belize,BLZ,2013,92.61788
Belize,BLZ,2014,92.86621
Belize,BLZ,2015,93.115875
Belize,BLZ,2016,93.36693
Belize,BLZ,2017,93.61935
Belize,BLZ,2018,93.87317
Belize,BLZ,2019,94.13162
Belize,BLZ,2020,94.391884
Belize,BLZ,2021,94.614815
Belize,BLZ,2022,94.72204
Belize,BLZ,2023,94.82988
Belize,BLZ,2024,94.84733
Benin,BEN,2000,61.05343
Benin,BEN,2001,61.411045
Benin,BEN,2002,61.78269
Benin,BEN,2003,62.17777
Benin,BEN,2004,62.569477
Benin,BEN,2005,62.9573
Benin,BEN,2006,63.34142
Benin,BEN,2007,63.722004
Benin,BEN,2008,64.09877
Benin,BEN,2009,64.47128
Benin,BEN,2010,64.8399
Benin,BEN,2011,65.20457
Benin,BEN,2012,65.56525
Benin,BEN,2013,65.92152
Benin,BEN,2014,66.2746
Benin,BEN,2015,66.62402
Benin,BEN,2016,66.9697
Benin,BEN,2017,67.31153
Benin,BEN,2018,67.649414
Benin,BEN,2019,67.98325
Benin,BEN,2020,68.31295
Benin,BEN,2021,68.63812
Benin,BEN,2022,68.958984
Benin,BEN,2023,69.27529
Benin,BEN,2024,69.58684
Bermuda,BMU,2000,100.0
Bermuda,BMU,2001,100.0
Bermuda,BMU,2002,100.0
Bermuda,BMU,2003,100.0
Bermuda,BMU,2004,100.0
Bermuda,BMU,2005,100.0
Bermuda,BMU,2006,100.0
Bermuda,BMU,2007,100.0
Bermuda,BMU,2008,100.0
Bermuda,BMU,2009,100.0
Bermuda,BMU,2010,100.0
Bermuda,BMU,2011,100.0
Bermuda,BMU,2012,100.0
Bermuda,BMU,2013,100.0
Bermuda,BMU,2014,100.0
Bermuda,BMU,2015,100.0
Bermuda,BMU,2016,100.0
Bermuda,BMU,2017,100.0
Bermuda,BMU,2018,100.0
Bermuda,BMU,2019,100.0
Bermuda,BMU,2020,100.0
Bermuda,BMU,2021,100.0
Bermuda,BMU,2022,100.0
Bermuda,BMU,2023,100.0
Bermuda,BMU,2024,100.0
Bhutan,BTN,2000,83.75012
Bhutan,BTN,2001,84.65358
Bhutan,BTN,2002,85.61518
Bhutan,BTN,2003,86.56286
Bhutan,BTN,2004,87.49599
Bhutan,BTN,2005,88.408424
Bhutan,BTN,2006,89.26131
Bhutan,BTN,2007,90.103264
Bhutan,BTN,2008,90.93403
Bhutan,BTN,2009,91.75305
Bhutan,BTN,2010,92.56029
Bhutan,BTN,2011,93.35547
Bhutan,BTN,2012,94.1375
Bhutan,BTN,2013,94.90641
Bhutan,BTN,2014,95.66236
Bhutan,BTN,2015,96.40554
Bhutan,BTN,2016,97.13614
Bhutan,BTN,2017,97.85439
Bhutan,BTN,2018,98.42662
Bhutan,BTN,2019,98.96338
Bhutan,BTN,2020,99.07752
Bhutan,BTN,2021,99.19335
Bhutan,BTN,2022,99.31081
Bhutan,BTN,2023,99.42986
Bhutan,BTN,2024,99.54658
Bolivia,BOL,2000,81.2239
Bolivia,BOL,2001,81.83862
Bolivia,BOL,2002,82.43118
Bolivia,BOL,2003,83.01306
Bolivia,BOL,2004,83.58796
Bolivia,BOL,2005,84.155235
Bolivia,BOL,2006,84.715965
Bolivia,BOL,2007,85.26917
Bolivia,BOL,2008,85.81588
Bolivia,BOL,2009,86.35518
Bolivia,BOL,2010,86.88744
Bolivia,BOL,2011,87.413025
Bolivia,BOL,2012,87.931656
Bolivia,BOL,2013,88.42817
Bolivia,BOL,2014,88.90955
Bolivia,BOL,2015,89.38567
Bolivia,BOL,2016,89.85683
Bolivia,BOL,2017,90.32252
Bolivia,BOL,2018,90.78428
Bolivia,BOL,2019,91.22905
Bolivia,BOL,2020,91.66951
Bolivia,BOL,2021,92.105606
Bolivia,BOL,2022,92.53752
Bolivia,BOL,2023,92.964775
Bolivia,BOL,2024,93.38775
Bonaire Sint Eustatius and Saba,BES,2000,98.62191
Bonaire Sint Eustatius and Saba,BES,2001,98.68754
Bonaire Sint Eustatius and Saba,BES,2002,98.75316
Bonaire Sint Eustatius and Saba,BES,2003,98.81879
Bonaire Sint Eustatius and Saba,BES,2004,98.88441
Bonaire Sint Eustatius and Saba,BES,2005,98.95003
Bonaire Sint Eustatius and Saba,BES,2006,99.015656
Bonaire Sint Eustatius and Saba,BES,2007,99.081276
Bonaire Sint Eustatius and Saba,BES,2008,99.1469
Bonaire Sint Eustatius and Saba,BES,2009,99.212524
Bonaire Sint Eustatius and Saba,BES,2010,99.278145
Bonaire Sint Eustatius and Saba,BES,2011,99.343765
Bonaire Sint Eustatius and Saba,BES,2012,99.40939
Bonaire Sint Eustatius and Saba,BES,2013,99.47501
Bonaire Sint Eustatius and Saba,BES,2014,99.540634
Bonaire Sint Eustatius and Saba,BES,2015,99.60626
Bonaire Sint Eustatius and Saba,BES,2016,99.67188
Bonaire Sint Eustatius and Saba,BES,2017,99.73751
Bonaire Sint Eustatius and Saba,BES,2018,99.80313
Bonaire Sint Eustatius and Saba,BES,2019,99.86875
Bonaire Sint Eustatius and Saba,BES,2020,99.93438
Bonaire Sint Eustatius and Saba,BES,2021,100.0
Bonaire Sint Eustatius and Saba,BES,2022,100.0
Bonaire Sint Eustatius and Saba,BES,2023,100.0
Bonaire Sint Eustatius and Saba,BES,2024,100.0
Bosnia and Herzegovina,BIH,2000,97.40482
Bosnia and Herzegovina,BIH,2001,97.3195
Bosnia and Herzegovina,BIH,2002,97.23201
Bosnia and Herzegovina,BIH,2003,97.1423
Bosnia and Herzegovina,BIH,2004,97.0504
Bosnia and Herzegovina,BIH,2005,96.95627
Bosnia and Herzegovina,BIH,2006,96.85992
Bosnia and Herzegovina,BIH,2007,96.761345
Bosnia and Herzegovina,BIH,2008,96.66055
Bosnia and Herzegovina,BIH,2009,96.55753
Bosnia and Herzegovina,BIH,2010,96.452286
Bosnia and Herzegovina,BIH,2011,96.3448
Bosnia and Herzegovina,BIH,2012,96.23507
Bosnia and Herzegovina,BIH,2013,96.123116
Bosnia and Herzegovina,BIH,2014,96.00892
Bosnia and Herzegovina,BIH,2015,96.06944
Bosnia and Herzegovina,BIH,2016,96.07241
Bosnia and Herzegovina,BIH,2017,96.156906
Bosnia and Herzegovina,BIH,2018,96.147835
Bosnia and Herzegovina,BIH,2019,96.13847
Bosnia and Herzegovina,BIH,2020,96.12879
Bosnia and Herzegovina,BIH,2021,96.11884
Bosnia and Herzegovina,BIH,2022,96.10862
Bosnia and Herzegovina,BIH,2023,96.0981
Bosnia and Herzegovina,BIH,2024,96.08731
Botswana,BWA,2000,75.459564
Botswana,BWA,2001,75.75495
Botswana,BWA,2002,75.91391
Botswana,BWA,2003,76.05199
Botswana,BWA,2004,76.18888
Botswana,BWA,2005,76.32341
Botswana,BWA,2006,77.37937
Botswana,BWA,2007,78.817635
Botswana,BWA,2008,80.20836
Botswana,BWA,2009,81.5482
Botswana,BWA,2010,82.83969
Botswana,BWA,2011,84.082245
Botswana,BWA,2012,85.11982
Botswana,BWA,2013,86.10353
Botswana,BWA,2014,87.062004
Botswana,BWA,2015,87.99527
Botswana,BWA,2016,88.90367
Botswana,BWA,2017,89.78708
Botswana,BWA,2018,90.64382
Botswana,BWA,2019,91.474945
Botswana,BWA,2020,91.546135
Botswana,BWA,2021,91.61103
Botswana,BWA,2022,91.6703
Botswana,BWA,2023,91.723656
Botswana,BWA,2024,91.77136
Brazil,BRA,2000,93.54167
Brazil,BRA,2001,93.87118
Brazil,BRA,2002,94.186424
Brazil,BRA,2003,94.49491
Brazil,BRA,2004,94.79651
Brazil,BRA,2005,95.09138
Brazil,BRA,2006,95.37982
Brazil,BRA,2007,95.66196
Brazil,BRA,2008,95.9379
Brazil,BRA,2009,96.20741
Brazil,BRA,2010,96.47098
Brazil,BRA,2011,96.730034
Brazil,BRA,2012,96.98319
Brazil,BRA,2013,97.23031
Brazil,BRA,2014,97.47191
Brazil,BRA,2015,97.70785
Brazil,BRA,2016,97.92176
Brazil,BRA,2017,98.19788
Brazil,BRA,2018,98.558014
Brazil,BRA,2019,98.77313
Brazil,BRA,2020,99.07207
Brazil,BRA,2021,99.42726
Brazil,BRA,2022,99.614944
Brazil,BRA,2023,99.898056
Brazil,BRA,2024,100.0
British Virgin Islands,VGB,2000,95.30274
British Virgin Islands,VGB,2001,95.68288
British Virgin Islands,VGB,2002,96.06301
British Virgin Islands,VGB,2003,96.44315
British Virgin Islands,VGB,2004,96.82329
British Virgin Islands,VGB,2005,97.20342
British Virgin Islands,VGB,2006,97.583565
British Virgin Islands,VGB,2007,97.9637
British Virgin Islands,VGB,2008,98.343834
British Virgin Islands,VGB,2009,98.723976
British Virgin Islands,VGB,2010,99.10411
British Virgin Islands,VGB,2011,99.484245
British Virgin Islands,VGB,2012,99.86438
British Virgin Islands,VGB,2013,99.86438
British Virgin Islands,VGB,2014,99.86438
British Virgin Islands,VGB,2015,99.86438
British Virgin Islands,VGB,2016,99.86438
British Virgin Islands,VGB,2017,99.86438
British Virgin Islands,VGB,2018,99.86438
British Virgin Islands,VGB,2019,99.86438
British Virgin Islands,VGB,2020,99.86438
British Virgin Islands,VGB,2021,99.86438
British Virgin Islands,VGB,2022,99.86438
British Virgin Islands,VGB,2023,99.86438
British Virgin Islands,VGB,2024,99.86438
Brunei,BRN,2000,99.56102
Brunei,BRN,2001,99.58358
Brunei,BRN,2002,99.60613
Brunei,BRN,2003,99.62869
Brunei,BRN,2004,99.65125
Brunei,BRN,2005,99.673805
Brunei,BRN,2006,99.696365
Brunei,BRN,2007,99.71892
Brunei,BRN,2008,99.74148
Brunei,BRN,2009,99.76403
Brunei,BRN,2010,99.78659
Brunei,BRN,2011,99.80914
Brunei,BRN,2012,99.8317
Brunei,BRN,2013,99.85426
Brunei,BRN,2014,99.876816
Brunei,BRN,2015,99.899376
Brunei,BRN,2016,99.900024
Brunei,BRN,2017,99.90005
Brunei,BRN,2018,99.90007
Brunei,BRN,2019,99.90009
Brunei,BRN,2020,100.0
Brunei,BRN,2021,100.0
Brunei,BRN,2022,100.0
Brunei,BRN,2023,100.0
Brunei,BRN,2024,100.0
Bulgaria,BGR,2000,99.737724
Bulgaria,BGR,2001,99.70793
Bulgaria,BGR,2002,99.67888
Bulgaria,BGR,2003,99.65042
Bulgaria,BGR,2004,99.62257
Bulgaria,BGR,2005,99.59528
Bulgaria,BGR,2006,99.56859
Bulgaria,BGR,2007,99.54246
Bulgaria,BGR,2008,99.5169
Bulgaria,BGR,2009,99.49189
Bulgaria,BGR,2010,99.467445
Bulgaria,BGR,2011,99.44354
Bulgaria,BGR,2012,99.42022
Bulgaria,BGR,2013,99.39748
Bulgaria,BGR,2014,99.37531
Bulgaria,BGR,2015,99.35374
Bulgaria,BGR,2016,99.332726
Bulgaria,BGR,2017,99.31231
Bulgaria,BGR,2018,99.29245
Bulgaria,BGR,2019,99.27316
Bulgaria,BGR,2020,99.25446
Bulgaria,BGR,2021,99.23632
Bulgaria,BGR,2022,99.21874
Bulgaria,BGR,2023,99.20174
Bulgaria,BGR,2024,99.18525
Burkina Faso,BFA,2000,55.63909
Burkina Faso,BFA,2001,55.832905
Burkina Faso,BFA,2002,55.61143
Burkina Faso,BFA,2003,55.390312
Burkina Faso,BFA,2004,55.171288
Burkina Faso,BFA,2005,54.95405
Burkina Faso,BFA,2006,54.74041
Burkina Faso,BFA,2007,54.477512
Burkina Faso,BFA,2008,54.17093
Burkina Faso,BFA,2009,53.860764
Burkina Faso,BFA,2010,53.54818
Burkina Faso,BFA,2011,53.233723
Burkina Faso,BFA,2012,52.917572
Burkina Faso,BFA,2013,52.600266
Burkina Faso,BFA,2014,52.282726
Burkina Faso,BFA,2015,51.965134
Burkina Faso,BFA,2016,51.648056
Burkina Faso,BFA,2017,51.33083
Burkina Faso,BFA,2018,51.014366
Burkina Faso,BFA,2019,50.699615
Burkina Faso,BFA,2020,50.386265
Burkina Faso,BFA,2021,50.07527
Burkina Faso,BFA,2022,49.766262
Burkina Faso,BFA,2023,49.46066
Burkina Faso,BFA,2024,49.99866
Burundi,BDI,2000,49.905003
Burundi,BDI,2001,50.607635
Burundi,BDI,2002,51.313587
Burundi,BDI,2003,52.022446
Burundi,BDI,2004,52.734146
Burundi,BDI,2005,53.448635
Burundi,BDI,2006,54.166195
Burundi,BDI,2007,54.886414
Burundi,BDI,2008,55.6099
Burundi,BDI,2009,56.335583
Burundi,BDI,2010,57.064716
Burundi,BDI,2011,57.79689
Burundi,BDI,2012,58.531693
Burundi,BDI,2013,59.27002
Burundi,BDI,2014,60.0108
Burundi,BDI,2015,60.7546
Burundi,BDI,2016,61.501316
Burundi,BDI,2017,62.250854
Burundi,BDI,2018,63.00311
Burundi,BDI,2019,63.75799
Burundi,BDI,2020,64.40287
Burundi,BDI,2021,65.0493
Burundi,BDI,2022,65.69756
Burundi,BDI,2023,65.80699
Burundi,BDI,2024,65.919106
Cambodia,KHM,2000,52.308235
Cambodia,KHM,2001,53.981167
Cambodia,KHM,2002,55.510612
Cambodia,KHM,2003,56.917473
Cambodia,KHM,2004,58.30611
Cambodia,KHM,2005,59.67656
Cambodia,KHM,2006,61.02855
Cambodia,KHM,2007,62.36242
Cambodia,KHM,2008,63.68842
Cambodia,KHM,2009,65.04926
Cambodia,KHM,2010,66.38911
Cambodia,KHM,2011,67.708
Cambodia,KHM,2012,69.00598
Cambodia,KHM,2013,70.28287
Cambodia,KHM,2014,71.53921
Cambodia,KHM,2015,72.774796
Cambodia,KHM,2016,73.989716
Cambodia,KHM,2017,75.18382
Cambodia,KHM,2018,76.3584
Cambodia,KHM,2019,77.51322
Cambodia,KHM,2020,78.64848
Cambodia,KHM,2021,79.764
Cambodia,KHM,2022,80.859955
Cambodia,KHM,2023,81.88887
Cambodia,KHM,2024,82.849754
Cameroon,CMR,2000,55.821365
Cameroon,CMR,2001,56.667637
Cameroon,CMR,2002,57.495556
Cameroon,CMR,2003,58.304775
Cameroon,CMR,2004,59.09587
Cameroon,CMR,2005,59.867645
Cameroon,CMR,2006,60.62115
Cameroon,CMR,2007,61.356525
Cameroon,CMR,2008,62.073914
Cameroon,CMR,2009,62.77306
Cameroon,CMR,2010,63.45451
Cameroon,CMR,2011,64.11805
Cameroon,CMR,2012,64.76384
Cameroon,CMR,2013,65.39169
Cameroon,CMR,2014,66.001816
Cameroon,CMR,2015,66.594406
Cameroon,CMR,2016,67.16967
Cameroon,CMR,2017,67.727165
Cameroon,CMR,2018,68.26777
Cameroon,CMR,2019,68.791084
Cameroon,CMR,2020,69.297646
Cameroon,CMR,2021,69.787125
Cameroon,CMR,2022,70.26006
Cameroon,CMR,2023,70.71671
Cameroon,CMR,2024,71.41018
Canada,CAN,2000,99.55481
Canada,CAN,2001,99.55944
Canada,CAN,2002,99.56053
Canada,CAN,2003,99.56164
Canada,CAN,2004,99.56273
Canada,CAN,2005,99.49697
Canada,CAN,2006,99.43126
Canada,CAN,2007,99.36645
Canada,CAN,2008,99.301315
Canada,CAN,2009,99.23586
Canada,CAN,2010,99.17009
Canada,CAN,2011,99.10386
Canada,CAN,2012,99.03651
Canada,CAN,2013,98.969086
Canada,CAN,2014,98.90159
Canada,CAN,2015,98.83403
Canada,CAN,2016,98.7664
Canada,CAN,2017,98.69873
Canada,CAN,2018,98.631
Canada,CAN,2019,98.56318
Canada,CAN,2020,98.49525
Canada,CAN,2021,98.42717
Canada,CAN,2022,98.358925
Canada,CAN,2023,98.290504
Canada,CAN,2024,98.29026
Cape Verde,CPV,2000,79.36776
Cape Verde,CPV,2001,79.66278
Cape Verde,CPV,2002,79.952774
Cape Verde,CPV,2003,80.2372
Cape Verde,CPV,2004,80.66026
Cape Verde,CPV,2005,81.08172
Cape Verde,CPV,2006,81.50212
Cape Verde,CPV,2007,81.92093
Cape Verde,CPV,2008,82.33869
Cape Verde,CPV,2009,82.75431
Cape Verde,CPV,2010,83.16633
Cape Verde,CPV,2011,83.52225
Cape Verde,CPV,2012,83.877495
Cape Verde,CPV,2013,84.231895
Cape Verde,CPV,2014,84.585464
Cape Verde,CPV,2015,84.9382
Cape Verde,CPV,2016,85.58132
Cape Verde,CPV,2017,86.33307
Cape Verde,CPV,2018,87.07555
Cape Verde,CPV,2019,87.80857
Cape Verde,CPV,2020,88.53256
Cape Verde,CPV,2021,89.24751
Cape Verde,CPV,2022,90.00893
Cape Verde,CPV,2023,91.14606
Cape Verde,CPV,2024,92.28009
Cayman Islands,CYM,2001,96.13927
Cayman Islands,CYM,2002,96.13927
Cayman Islands,CYM,2003,96.13927
Cayman Islands,CYM,2004,96.13927
Cayman Islands,CYM,2005,96.13927
Cayman Islands,CYM,2006,96.10153
Cayman Islands,CYM,2007,96.063805
Cayman Islands,CYM,2008,96.02608
Cayman Islands,CYM,2009,95.98834
Cayman Islands,CYM,2010,95.950615
Cayman Islands,CYM,2011,95.91288
Cayman Islands,CYM,2012,95.87515
Cayman Islands,CYM,2013,95.837425
Cayman Islands,CYM,2014,95.79969
Cayman Islands,CYM,2015,95.76196
Cayman Islands,CYM,2016,95.724236
Cayman Islands,CYM,2017,95.6865
Cayman Islands,CYM,2018,95.64877
Cayman Islands,CYM,2019,95.611046
Cayman Islands,CYM,2020,95.57331
Cayman Islands,CYM,2021,95.53558
Cayman Islands,CYM,2022,95.497856
Cayman Islands,CYM,2023,95.46012
Cayman Islands,CYM,2024,95.46012
Central African Republic,CAF,2000,59.01049
Central African Republic,CAF,2001,57.828575
Central African Republic,CAF,2002,56.65333
Central African Republic,CAF,2003,55.484375
Central African Republic,CAF,2004,54.321705
Central African Republic,CAF,2005,53.172554
Central African Republic,CAF,2006,52.03639
Central African Republic,CAF,2007,50.912987
Central African Republic,CAF,2008,49.801464
Central African Republic,CAF,2009,48.70128
Central African Republic,CAF,2010,47.612183
Central African Republic,CAF,2011,46.53332
Central African Republic,CAF,2012,45.464424
Central African Republic,CAF,2013,44.404934
Central African Republic,CAF,2014,43.354
Central African Republic,CAF,2015,42.311348
Central African Republic,CAF,2016,41.27664
Central African Republic,CAF,2017,40.248814
Central African Republic,CAF,2018,39.227547
Central African Republic,CAF,2019,38.212265
Central African Republic,CAF,2020,37.202404
Central African Republic,CAF,2021,36.19738
Central African Republic,CAF,2022,36.295044
Central African Republic,CAF,2023,36.39726
Central African Republic,CAF,2024,36.50403
Central and Southern Asia (UN SDG),UNSDG_CSA,2000,81.81674
Central and Southern Asia (UN SDG),UNSDG_CSA,2001,82.30182
Central and Southern Asia (UN SDG),UNSDG_CSA,2002,82.86675
Central and Southern Asia (UN SDG),UNSDG_CSA,2003,83.425766
Central and Southern Asia (UN SDG),UNSDG_CSA,2004,84.00679
Central and Southern Asia (UN SDG),UNSDG_CSA,2005,84.5328
Central and Southern Asia (UN SDG),UNSDG_CSA,2006,85.10182
Central and Southern Asia (UN SDG),UNSDG_CSA,2007,85.68525
Central and Southern Asia (UN SDG),UNSDG_CSA,2008,86.26302
Central and Southern Asia (UN SDG),UNSDG_CSA,2009,86.82902
Central and Southern Asia (UN SDG),UNSDG_CSA,2010,87.39691
Central and Southern Asia (UN SDG),UNSDG_CSA,2011,87.95885
Central and Southern Asia (UN SDG),UNSDG_CSA,2012,88.51806
Central and Southern Asia (UN SDG),UNSDG_CSA,2013,89.080475
Central and Southern Asia (UN SDG),UNSDG_CSA,2014,89.64156
Central and Southern Asia (UN SDG),UNSDG_CSA,2015,90.204994
Central and Southern Asia (UN SDG),UNSDG_CSA,2016,90.77001
Central and Southern Asia (UN SDG),UNSDG_CSA,2017,91.332214
Central and Southern Asia (UN SDG),UNSDG_CSA,2018,91.89206
Central and Southern Asia (UN SDG),UNSDG_CSA,2019,92.45027
Central and Southern Asia (UN SDG),UNSDG_CSA,2020,93.0015
Central and Southern Asia (UN SDG),UNSDG_CSA,2021,93.55294
Central and Southern Asia (UN SDG),UNSDG_CSA,2022,94.10435
Central and Southern Asia (UN SDG),UNSDG_CSA,2023,94.61811
Central and Southern Asia (UN SDG),UNSDG_CSA,2024,95.11866
Chad,TCD,2000,38.63259
Chad,TCD,2001,39.213894
Chad,TCD,2002,39.797512
Chad,TCD,2003,40.384342
Chad,TCD,2004,40.973915
Chad,TCD,2005,41.566216
Chad,TCD,2006,42.16124
Chad,TCD,2007,42.75939
Chad,TCD,2008,43.35981
Chad,TCD,2009,43.962914
Chad,TCD,2010,44.57603
Chad,TCD,2011,45.198856
Chad,TCD,2012,45.83146
Chad,TCD,2013,46.473095
Chad,TCD,2014,47.123417
Chad,TCD,2015,47.782433
Chad,TCD,2016,48.449753
Chad,TCD,2017,49.124966
Chad,TCD,2018,49.808006
Chad,TCD,2019,50.498062
Chad,TCD,2020,51.195377
Chad,TCD,2021,51.8991
Chad,TCD,2022,51.99515
Chad,TCD,2023,52.09836
Chad,TCD,2024,52.209053
Chile,CHL,2000,96.33915
Chile,CHL,2001,96.50724
Chile,CHL,2002,96.66258
Chile,CHL,2003,96.78001
Chile,CHL,2004,96.89689
Chile,CHL,2005,97.01269
Chile,CHL,2006,97.12795
Chile,CHL,2007,97.24234
Chile,CHL,2008,97.35617
Chile,CHL,2009,97.46914
Chile,CHL,2010,97.581245
Chile,CHL,2011,97.6928
Chile,CHL,2012,97.80352
Chile,CHL,2013,97.91354
Chile,CHL,2014,98.02287
Chile,CHL,2015,98.13151
Chile,CHL,2016,98.240005
Chile,CHL,2017,98.34838
Chile,CHL,2018,98.45651
Chile,CHL,2019,98.56422
Chile,CHL,2020,98.671394
Chile,CHL,2021,98.77802
Chile,CHL,2022,98.88393
Chile,CHL,2023,98.98902
Chile,CHL,2024,99.08116
China,CHN,2000,80.59349
China,CHN,2001,80.92796
China,CHN,2002,81.86507
China,CHN,2003,82.77916
China,CHN,2004,83.66929
China,CHN,2005,84.53339
China,CHN,2006,85.36178
China,CHN,2007,86.15917
China,CHN,2008,86.931046
China,CHN,2009,87.67566
China,CHN,2010,88.393814
China,CHN,2011,89.07379
China,CHN,2012,89.72248
China,CHN,2013,90.344795
China,CHN,2014,90.94158
China,CHN,2015,91.51259
China,CHN,2016,92.05804
China,CHN,2017,92.57731
China,CHN,2018,93.068665
China,CHN,2019,93.5327
China,CHN,2020,93.97053
China,CHN,2021,94.63297
China,CHN,2022,95.43858
China,CHN,2023,96.08834
China,CHN,2024,96.12241
Colombia,COL,2000,90.91903
Colombia,COL,2001,91.23702
Colombia,COL,2002,91.54972
Colombia,COL,2003,91.85719
Colombia,COL,2004,92.15923
Colombia,COL,2005,92.4559
Colombia,COL,2006,92.74729
Colombia,COL,2007,93.03321
Colombia,COL,2008,93.31402
Colombia,COL,2009,93.58976
Colombia,COL,2010,93.8603
Colombia,COL,2011,94.12571
Colombia,COL,2012,94.386314
Colombia,COL,2013,94.641975
Colombia,COL,2014,94.89275
Colombia,COL,2015,95.138985
Colombia,COL,2016,95.380714
Colombia,COL,2017,95.617836
Colombia,COL,2018,95.850426
Colombia,COL,2019,96.07858
Colombia,COL,2020,96.30258
Colombia,COL,2021,96.52231
Colombia,COL,2022,96.73804
Colombia,COL,2023,96.94966
Colombia,COL,2024,97.09657
Comoros,COM,2000,87.33876
Comoros,COM,2001,87.52881
Comoros,COM,2002,87.426476
Comoros,COM,2003,87.322685
Comoros,COM,2004,87.2175
Comoros,COM,2005,87.11132
Comoros,COM,2006,87.00425
Comoros,COM,2007,86.89642
Comoros,COM,2008,86.7879
Comoros,COM,2009,86.67883
Comoros,COM,2010,86.56937
Comoros,COM,2011,86.45953
Comoros,COM,2012,86.34947
Comoros,COM,2013,86.23936
Comoros,COM,2014,86.12919
Comoros,COM,2015,86.01918
Comoros,COM,2016,85.90943
Comoros,COM,2017,85.8
Comoros,COM,2018,85.691
Comoros,COM,2019,85.58266
Comoros,COM,2020,85.47501
Comoros,COM,2021,85.36818
Comoros,COM,2022,85.262344
Comoros,COM,2023,85.157524
Comoros,COM,2024,85.053925
Congo,COG,2000,58.39881
Congo,COG,2001,58.69239
Congo,COG,2002,59.184223
Congo,COG,2003,59.673695
Congo,COG,2004,60.618156
Congo,COG,2005,61.560955
Congo,COG,2006,62.50179
Congo,COG,2007,63.44091
Congo,COG,2008,64.37912
Congo,COG,2009,65.31599
Congo,COG,2010,66.251595
Congo,COG,2011,67.18444
Congo,COG,2012,68.11463
Congo,COG,2013,69.041725
Congo,COG,2014,69.964806
Congo,COG,2015,70.883484
Congo,COG,2016,71.79735
Congo,COG,2017,72.706024
Congo,COG,2018,72.902054
Congo,COG,2019,73.09808
Congo,COG,2020,73.29368
Congo,COG,2021,73.48842
Cook Islands,COK,2000,100.0
Cook Islands,COK,2001,100.0
Cook Islands,COK,2002,100.0
Cook Islands,COK,2003,100.0
Cook Islands,COK,2004,100.0
Cook Islands,COK,2005,100.0
Cook Islands,COK,2006,100.0
Cook Islands,COK,2007,99.999084
Cook Islands,COK,2008,99.99595
Cook Islands,COK,2009,99.992874
Cook Islands,COK,2010,99.98985
Cook Islands,COK,2011,99.9869
Cook Islands,COK,2012,99.96868
Cook Islands,COK,2013,99.93475
Cook Islands,COK,2014,99.9007
Cook Islands,COK,2015,99.86651
Cook Islands,COK,2016,99.83219
Cook Islands,COK,2017,99.79774
Cook Islands,COK,2018,99.76315
Cook Islands,COK,2019,99.72844
Cook Islands,COK,2020,99.69358
Cook Islands,COK,2021,99.65858
Cook Islands,COK,2022,99.623436
Cook Islands,COK,2023,99.58814
Cook Islands,COK,2024,99.58746
Costa Rica,CRI,2000,94.65029
Costa Rica,CRI,2001,95.062416
Costa Rica,CRI,2002,95.45748
Costa Rica,CRI,2003,95.83566
Costa Rica,CRI,2004,96.19697
Costa Rica,CRI,2005,96.54131
Costa Rica,CRI,2006,96.86935
Costa Rica,CRI,2007,97.181206
Costa Rica,CRI,2008,97.47738
Costa Rica,CRI,2009,97.75778
Costa Rica,CRI,2010,98.000946
Costa Rica,CRI,2011,98.22837
Costa Rica,CRI,2012,98.47449
Costa Rica,CRI,2013,98.70639
Costa Rica,CRI,2014,98.92502
Costa Rica,CRI,2015,99.13136
Costa Rica,CRI,2016,99.3263
Costa Rica,CRI,2017,99.51067
Costa Rica,CRI,2018,99.68531
Costa Rica,CRI,2019,99.79753
Costa Rica,CRI,2020,99.81054
Costa Rica,CRI,2021,99.811874
Costa Rica,CRI,2022,99.813126
Costa Rica,CRI,2023,99.8143
Costa Rica,CRI,2024,99.815414
Cote d'Ivoire,CIV,2000,68.79462
Cote d'Ivoire,CIV,2001,69.17999
Cote d'Ivoire,CIV,2002,69.56308
Cote d'Ivoire,CIV,2003,69.943504
Cote d'Ivoire,CIV,2004,70.321556
Cote d'Ivoire,CIV,2005,70.69616
Cote d'Ivoire,CIV,2006,71.067986
Cote d'Ivoire,CIV,2007,71.437004
Cote d'Ivoire,CIV,2008,71.80317
Cote d'Ivoire,CIV,2009,72.1658
Cote d'Ivoire,CIV,2010,72.52553
Cote d'Ivoire,CIV,2011,72.88232
Cote d'Ivoire,CIV,2012,73.23582
Cote d'Ivoire,CIV,2013,73.586006
Cote d'Ivoire,CIV,2014,73.93287
Cote d'Ivoire,CIV,2015,74.279
Cote d'Ivoire,CIV,2016,74.62368
Cote d'Ivoire,CIV,2017,74.96705
Cote d'Ivoire,CIV,2018,75.30897
Cote d'Ivoire,CIV,2019,75.64902
Cote d'Ivoire,CIV,2020,75.98707
Cote d'Ivoire,CIV,2021,76.32298
Cote d'Ivoire,CIV,2022,76.65663
Cote d'Ivoire,CIV,2023,76.987885
Cote d'Ivoire,CIV,2024,77.24706
Croatia,HRV,2000,98.645134
Croatia,HRV,2001,98.65136
Croatia,HRV,2002,98.762535
Croatia,HRV,2003,98.87296
Croatia,HRV,2004,98.97927
Croatia,HRV,2005,99.08479
Croatia,HRV,2006,99.189514
Croatia,HRV,2007,99.29344
Croatia,HRV,2008,99.396576
Croatia,HRV,2009,99.49892
Croatia,HRV,2010,99.600464
Croatia,HRV,2011,99.70121
Croatia,HRV,2012,99.80122
Croatia,HRV,2013,99.90038
Croatia,HRV,2014,99.900566
Croatia,HRV,2015,99.900764
Croatia,HRV,2016,99.90098
Croatia,HRV,2017,99.901215
Croatia,HRV,2018,99.90145
Croatia,HRV,2019,99.90171
Croatia,HRV,2020,99.90198
Croatia,HRV,2021,99.90226
Croatia,HRV,2022,99.90256
Croatia,HRV,2023,99.90286
Croatia,HRV,2024,99.90318
Cuba,CUB,2000,91.76107
Cuba,CUB,2001,91.917015
Cuba,CUB,2002,92.07047
Cuba,CUB,2003,92.21158
Cuba,CUB,2004,92.34125
Cuba,CUB,2005,92.46859
Cuba,CUB,2006,92.59505
Cuba,CUB,2007,92.72063
Cuba,CUB,2008,92.845314
Cuba,CUB,2009,92.96901
Cuba,CUB,2010,93.09183
Cuba,CUB,2011,93.213776
Cuba,CUB,2012,93.33486
Cuba,CUB,2013,93.45013
Cuba,CUB,2014,93.563675
Cuba,CUB,2015,93.67694
Cuba,CUB,2016,93.78972
Cuba,CUB,2017,93.90331
Cuba,CUB,2018,94.01755
Cuba,CUB,2019,94.13217
Cuba,CUB,2020,94.31251
Cuba,CUB,2021,94.776405
Cuba,CUB,2022,94.90022
Cuba,CUB,2023,95.023636
Cuba,CUB,2024,95.14641
Curacao,CUW,2000,98.70079
Curacao,CUW,2001,98.80216
Curacao,CUW,2002,98.90353
Curacao,CUW,2003,99.0049
Curacao,CUW,2004,99.10626
Curacao,CUW,2005,99.20763
Curacao,CUW,2006,99.309
Curacao,CUW,2007,99.41036
Curacao,CUW,2008,99.511734
Curacao,CUW,2009,99.6131
Curacao,CUW,2010,99.71447
Curacao,CUW,2011,99.815834
Curacao,CUW,2012,99.917206
Curacao,CUW,2013,100.0
Curacao,CUW,2014,100.0
Curacao,CUW,2015,100.0
Curacao,CUW,2016,100.0
Curacao,CUW,2017,100.0
Curacao,CUW,2018,100.0
Curacao,CUW,2019,100.0
Curacao,CUW,2020,100.0
Curacao,CUW,2021,100.0
Curacao,CUW,2022,100.0
Curacao,CUW,2023,100.0
Curacao,CUW,2024,100.0
Cyprus,CYP,2000,99.88084
Cyprus,CYP,2001,99.88071
Cyprus,CYP,2002,99.88079
Cyprus,CYP,2003,99.87715
Cyprus,CYP,2004,99.87353
Cyprus,CYP,2005,99.86653
Cyprus,CYP,2006,99.85863
Cyprus,CYP,2007,99.85069
Cyprus,CYP,2008,99.842735
Cyprus,CYP,2009,99.834755
Cyprus,CYP,2010,99.82675
Cyprus,CYP,2011,99.818726
Cyprus,CYP,2012,99.810684
Cyprus,CYP,2013,99.8026
Cyprus,CYP,2014,99.79449
Cyprus,CYP,2015,99.78637
Cyprus,CYP,2016,99.77821
Cyprus,CYP,2017,99.77006
Cyprus,CYP,2018,99.76188
Cyprus,CYP,2019,99.75371
Cyprus,CYP,2020,99.74554
Cyprus,CYP,2021,99.73737
Cyprus,CYP,2022,99.72922
Cyprus,CYP,2023,99.72108
Cyprus,CYP,2024,99.72111
Czechia,CZE,2000,97.972244
Czechia,CZE,2001,97.97062
Czechia,CZE,2002,98.008835
Czechia,CZE,2003,98.047035
Czechia,CZE,2004,98.08525
Czechia,CZE,2005,98.12347
Czechia,CZE,2006,98.16169
Czechia,CZE,2007,98.19991
Czechia,CZE,2008,98.238144
Czechia,CZE,2009,98.276375
Czechia,CZE,2010,98.31464
Czechia,CZE,2011,98.352875
Czechia,CZE,2012,98.39229
Czechia,CZE,2013,98.53396
Czechia,CZE,2014,98.73021
Czechia,CZE,2015,98.73048
Czechia,CZE,2016,98.73075
Czechia,CZE,2017,98.73106
Czechia,CZE,2018,98.73139
Czechia,CZE,2019,98.731766
Czechia,CZE,2020,98.73218
Czechia,CZE,2021,98.73262
Czechia,CZE,2022,98.73309
Czechia,CZE,2023,98.733604
Czechia,CZE,2024,98.734146
Democratic Republic of Congo,COD,2000,37.549538
Democratic Republic of Congo,COD,2001,37.521633
Democratic Republic of Congo,COD,2002,37.48461
Democratic Republic of Congo,COD,2003,37.438442
Democratic Republic of Congo,COD,2004,37.383076
Democratic Republic of Congo,COD,2005,37.320473
Democratic Republic of Congo,COD,2006,37.25155
Democratic Republic of Congo,COD,2007,37.176228
Democratic Republic of Congo,COD,2008,37.09343
Democratic Republic of Congo,COD,2009,37.00407
Democratic Republic of Congo,COD,2010,36.90708
Democratic Republic of Congo,COD,2011,36.80336
Democratic Republic of Congo,COD,2012,36.69185
Democratic Republic of Congo,COD,2013,36.57248
Democratic Republic of Congo,COD,2014,36.445656
Democratic Republic of Congo,COD,2015,36.310814
Democratic Republic of Congo,COD,2016,36.167877
Democratic Republic of Congo,COD,2017,36.016304
Democratic Republic of Congo,COD,2018,35.85649
Democratic Republic of Congo,COD,2019,35.687893
Democratic Republic of Congo,COD,2020,35.51045
Democratic Republic of Congo,COD,2021,35.32362
Democratic Republic of Congo,COD,2022,35.127346
Democratic Republic of Congo,COD,2023,35.403446
Democratic Republic of Congo,COD,2024,35.681362
Denmark,DNK,2000,100.0
Denmark,DNK,2001,100.0
Denmark,DNK,2002,100.0
Denmark,DNK,2003,100.0
Denmark,DNK,2004,100.0
Denmark,DNK,2005,100.0
Denmark,DNK,2006,100.0
Denmark,DNK,2007,100.0
Denmark,DNK,2008,100.0
Denmark,DNK,2009,100.0
Denmark,DNK,2010,100.0
Denmark,DNK,2011,100.0
Denmark,DNK,2012,100.0
Denmark,DNK,2013,100.0
Denmark,DNK,2014,100.0
Denmark,DNK,2015,100.0
Denmark,DNK,2016,100.0
Denmark,DNK,2017,100.0
Denmark,DNK,2018,100.0
Denmark,DNK,2019,100.0
Denmark,DNK,2020,100.0
Denmark,DNK,2021,100.0
Denmark,DNK,2022,100.0
Denmark,DNK,2023,100.0
Denmark,DNK,2024,100.0
Djibouti,DJI,2000,74.30963
Djibouti,DJI,2001,74.52757
Djibouti,DJI,2002,74.74509
Djibouti,DJI,2003,74.96217
Djibouti,DJI,2004,75.17883
Djibouti,DJI,2005,75.39476
Djibouti,DJI,2006,75.61057
Djibouti,DJI,2007,75.82596
Djibouti,DJI,2008,76.04092
Djibouti,DJI,2009,76.255165
Djibouti,DJI,2010,76.471825
Djibouti,DJI,2011,76.69075
Djibouti,DJI,2012,76.911545
Djibouti,DJI,2013,77.13434
Djibouti,DJI,2014,77.35848
Djibouti,DJI,2015,77.58462
Djibouti,DJI,2016,77.811844
Djibouti,DJI,2017,78.0403
Djibouti,DJI,2018,78.26985
Djibouti,DJI,2019,78.50038
Djibouti,DJI,2020,78.73176
Djibouti,DJI,2021,78.96363
Djibouti,DJI,2022,79.195885
Djibouti,DJI,2023,79.428635
Djibouti,DJI,2024,79.66153
Dominica,DMA,2000,94.26688
Dominica,DMA,2001,94.38364
Dominica,DMA,2002,94.50723
Dominica,DMA,2003,94.62985
Dominica,DMA,2004,94.751564
Dominica,DMA,2005,94.87227
Dominica,DMA,2006,94.99207
Dominica,DMA,2007,95.11092
Dominica,DMA,2008,95.22887
Dominica,DMA,2009,95.345856
Dominica,DMA,2010,95.461914
Dominica,DMA,2011,95.577095
Dominica,DMA,2012,95.69143
Dominica,DMA,2013,95.80491
Dominica,DMA,2014,95.91753
Dominica,DMA,2015,96.02927
Dominica,DMA,2016,96.14017
Dominica,DMA,2017,96.25017
Dominica,DMA,2018,96.35929
Dominica,DMA,2019,96.46754
Dominica,DMA,2020,96.57489
Dominica,DMA,2021,96.68135
Dominica,DMA,2022,96.7869
Dominica,DMA,2023,96.89156
Dominica,DMA,2024,96.99531
Dominican Republic,DOM,2000,91.01932
Dominican Republic,DOM,2001,91.38155
Dominican Republic,DOM,2002,91.73506
Dominican Republic,DOM,2003,92.13836
Dominican Republic,DOM,2004,92.550385
Dominican Republic,DOM,2005,92.944244
Dominican Republic,DOM,2006,93.32084
Dominican Republic,DOM,2007,93.68018
Dominican Republic,DOM,2008,94.02268
Dominican Republic,DOM,2009,94.347946
Dominican Republic,DOM,2010,94.65719
Dominican Republic,DOM,2011,94.941154
Dominican Republic,DOM,2012,95.2053
Dominican Republic,DOM,2013,95.45692
Dominican Republic,DOM,2014,95.69656
Dominican Republic,DOM,2015,95.92469
Dominican Republic,DOM,2016,96.14159
Dominican Republic,DOM,2017,96.34747
Dominican Republic,DOM,2018,96.54199
Dominican Republic,DOM,2019,96.72589
Dominican Republic,DOM,2020,96.899895
Dominican Republic,DOM,2021,97.30547
Dominican Republic,DOM,2022,97.36034
Dominican Republic,DOM,2023,97.41074
Dominican Republic,DOM,2024,97.45713
East Timor,TLS,2002,49.617943
East Timor,TLS,2003,51.31086
East Timor,TLS,2004,53.00072
East Timor,TLS,2005,54.675404
East Timor,TLS,2006,56.347057
East Timor,TLS,2007,58.015648
East Timor,TLS,2008,59.68173
East Timor,TLS,2009,61.438248
East Timor,TLS,2010,63.196674
East Timor,TLS,2011,64.95742
East Timor,TLS,2012,66.71977
East Timor,TLS,2013,68.48361
East Timor,TLS,2014,70.24905
East Timor,TLS,2015,72.01592
East Timor,TLS,2016,73.784096
East Timor,TLS,2017,75.55316
East Timor,TLS,2018,77.32342
East Timor,TLS,2019,79.09449
East Timor,TLS,2020,80.86641
East Timor,TLS,2021,82.63858
East Timor,TLS,2022,84.411255
East Timor,TLS,2023,85.94146
East Timor,TLS,2024,87.32965
Eastern Mediterranean (WHO),WHO_EMR,2000,81.30637
Eastern Mediterranean (WHO),WHO_EMR,2001,81.59522
Eastern Mediterranean (WHO),WHO_EMR,2002,81.85479
Eastern Mediterranean (WHO),WHO_EMR,2003,82.13909
Eastern Mediterranean (WHO),WHO_EMR,2004,82.496475
Eastern Mediterranean (WHO),WHO_EMR,2005,82.77108
Eastern Mediterranean (WHO),WHO_EMR,2006,83.198296
Eastern Mediterranean (WHO),WHO_EMR,2007,83.64538
Eastern Mediterranean (WHO),WHO_EMR,2008,84.20457
Eastern Mediterranean (WHO),WHO_EMR,2009,84.62795
Eastern Mediterranean (WHO),WHO_EMR,2010,85.068146
Eastern Mediterranean (WHO),WHO_EMR,2011,85.51566
Eastern Mediterranean (WHO),WHO_EMR,2012,85.94305
Eastern Mediterranean (WHO),WHO_EMR,2013,86.36706
Eastern Mediterranean (WHO),WHO_EMR,2014,86.78518
Eastern Mediterranean (WHO),WHO_EMR,2015,87.2074
Eastern Mediterranean (WHO),WHO_EMR,2016,87.62783
Eastern Mediterranean (WHO),WHO_EMR,2017,88.02254
Eastern Mediterranean (WHO),WHO_EMR,2018,88.41407
Eastern Mediterranean (WHO),WHO_EMR,2019,88.820564
Eastern Mediterranean (WHO),WHO_EMR,2020,89.2168
Eastern Mediterranean (WHO),WHO_EMR,2021,89.59348
Eastern Mediterranean (WHO),WHO_EMR,2022,89.99823
Eastern Mediterranean (WHO),WHO_EMR,2023,90.364365
Eastern Mediterranean (WHO),WHO_EMR,2024,90.71276
Eastern and South-Eastern Asia (UN SDG),UNSDG_ESEA,2000,81.36102
Eastern and South-Eastern Asia (UN SDG),UNSDG_ESEA,2001,81.79303
Eastern and South-Eastern Asia (UN SDG),UNSDG_ESEA,2002,82.95366
Eastern and South-Eastern Asia (UN SDG),UNSDG_ESEA,2003,83.74507
Eastern and South-Eastern Asia (UN SDG),UNSDG_ESEA,2004,84.520805
Eastern and South-Eastern Asia (UN SDG),UNSDG_ESEA,2005,85.276794
Eastern and South-Eastern Asia (UN SDG),UNSDG_ESEA,2006,86.00864
Eastern and South-Eastern Asia (UN SDG),UNSDG_ESEA,2007,86.72233
Eastern and South-Eastern Asia (UN SDG),UNSDG_ESEA,2008,87.420044
Eastern and South-Eastern Asia (UN SDG),UNSDG_ESEA,2009,88.09766
Eastern and South-Eastern Asia (UN SDG),UNSDG_ESEA,2010,88.74342
Eastern and South-Eastern Asia (UN SDG),UNSDG_ESEA,2011,89.33108
Eastern and South-Eastern Asia (UN SDG),UNSDG_ESEA,2012,89.8949
Eastern and South-Eastern Asia (UN SDG),UNSDG_ESEA,2013,90.44055
Eastern and South-Eastern Asia (UN SDG),UNSDG_ESEA,2014,90.96888
Eastern and South-Eastern Asia (UN SDG),UNSDG_ESEA,2015,91.47996
Eastern and South-Eastern Asia (UN SDG),UNSDG_ESEA,2016,91.973816
Eastern and South-Eastern Asia (UN SDG),UNSDG_ESEA,2017,92.45009
Eastern and South-Eastern Asia (UN SDG),UNSDG_ESEA,2018,92.92043
Eastern and South-Eastern Asia (UN SDG),UNSDG_ESEA,2019,93.362206
Eastern and South-Eastern Asia (UN SDG),UNSDG_ESEA,2020,93.7811
Eastern and South-Eastern Asia (UN SDG),UNSDG_ESEA,2021,94.34264
Eastern and South-Eastern Asia (UN SDG),UNSDG_ESEA,2022,94.936554
Eastern and South-Eastern Asia (UN SDG),UNSDG_ESEA,2023,95.35724
Eastern and South-Eastern Asia (UN SDG),UNSDG_ESEA,2024,95.42262
Ecuador,ECU,2000,84.75696
Ecuador,ECU,2001,85.332726
Ecuador,ECU,2002,85.86812
Ecuador,ECU,2003,86.37706
Ecuador,ECU,2004,86.79136
Ecuador,ECU,2005,87.16572
Ecuador,ECU,2006,87.48048
Ecuador,ECU,2007,87.792206
Ecuador,ECU,2008,88.10053
Ecuador,ECU,2009,88.40548
Ecuador,ECU,2010,88.70729
Ecuador,ECU,2011,88.99957
Ecuador,ECU,2012,89.28438
Ecuador,ECU,2013,89.56629
Ecuador,ECU,2014,89.84513
Ecuador,ECU,2015,90.121284
Ecuador,ECU,2016,90.39442
Ecuador,ECU,2017,90.66471
Ecuador,ECU,2018,90.934875
Ecuador,ECU,2019,91.20469
Ecuador,ECU,2020,91.4743
Ecuador,ECU,2021,91.66797
Ecuador,ECU,2022,91.72649
Ecuador,ECU,2023,91.85981
Ecuador,ECU,2024,92.07087
Egypt,EGY,2000,98.99336
Egypt,EGY,2001,98.92261
Egypt,EGY,2002,98.85193
Egypt,EGY,2003,98.78132
Egypt,EGY,2004,98.71077
Egypt,EGY,2005,98.64028
Egypt,EGY,2006,98.56986
Egypt,EGY,2007,98.49889
Egypt,EGY,2008,98.42754
Egypt,EGY,2009,98.35621
Egypt,EGY,2010,98.28486
Egypt,EGY,2011,98.21353
Egypt,EGY,2012,98.14157
Egypt,EGY,2013,98.0696
Egypt,EGY,2014,97.99758
Egypt,EGY,2015,97.925514
Egypt,EGY,2016,97.85344
Egypt,EGY,2017,97.78186
Egypt,EGY,2018,97.710815
Egypt,EGY,2019,97.64036
Egypt,EGY,2020,97.57053
Egypt,EGY,2021,97.501366
Egypt,EGY,2022,97.43289
Egypt,EGY,2023,97.3652
Egypt,EGY,2024,97.29824
El Salvador,SLV,2000,85.743454
El Salvador,SLV,2001,85.88765
El Salvador,SLV,2002,86.637764
El Salvador,SLV,2003,87.37487
El Salvador,SLV,2004,87.85739
El Salvador,SLV,2005,87.48598
El Salvador,SLV,2006,87.096466
El Salvador,SLV,2007,84.84124
El Salvador,SLV,2008,82.711716
El Salvador,SLV,2009,82.39209
El Salvador,SLV,2010,82.26386
El Salvador,SLV,2011,83.1303
El Salvador,SLV,2012,83.97767
El Salvador,SLV,2013,84.805534
El Salvador,SLV,2014,85.61455
El Salvador,SLV,2015,86.40457
El Salvador,SLV,2016,87.172905
El Salvador,SLV,2017,87.91978
El Salvador,SLV,2018,88.64611
El Salvador,SLV,2019,89.35278
El Salvador,SLV,2020,89.99236
El Salvador,SLV,2021,90.42139
El Salvador,SLV,2022,90.79484
El Salvador,SLV,2023,91.154854
El Salvador,SLV,2024,91.619995
Equatorial Guinea,GNQ,2000,51.09814
Equatorial Guinea,GNQ,2001,51.790443
Equatorial Guinea,GNQ,2002,52.541996
Equatorial Guinea,GNQ,2003,53.350418
Equatorial Guinea,GNQ,2004,54.21503
Equatorial Guinea,GNQ,2005,55.131718
Equatorial Guinea,GNQ,2006,56.10058
Equatorial Guinea,GNQ,2007,57.118572
Equatorial Guinea,GNQ,2008,58.183796
Equatorial Guinea,GNQ,2009,59.291794
Equatorial Guinea,GNQ,2010,60.441364
Equatorial Guinea,GNQ,2011,61.629612
Equatorial Guinea,GNQ,2012,62.85389
Equatorial Guinea,GNQ,2013,63.671516
Equatorial Guinea,GNQ,2014,63.926476
Equatorial Guinea,GNQ,2015,64.1786
Equatorial Guinea,GNQ,2016,64.425514
Equatorial Guinea,GNQ,2017,64.66581
Eritrea,ERI,2000,46.814217
Eritrea,ERI,2001,47.120422
Eritrea,ERI,2002,47.440926
Eritrea,ERI,2003,47.775223
Eritrea,ERI,2004,48.123417
Eritrea,ERI,2005,48.48441
Eritrea,ERI,2006,48.859493
Eritrea,ERI,2007,49.246952
Eritrea,ERI,2008,49.648705
Eritrea,ERI,2009,49.810326
Eritrea,ERI,2010,49.977383
Eritrea,ERI,2011,50.150528
Eritrea,ERI,2012,50.329174
Eritrea,ERI,2013,50.705128
Eritrea,ERI,2014,51.083565
Eritrea,ERI,2015,51.46509
Eritrea,ERI,2016,51.849716
Estonia,EST,2000,97.46676
Estonia,EST,2001,97.60825
Estonia,EST,2002,97.7507
Estonia,EST,2003,97.89404
Estonia,EST,2004,98.038345
Estonia,EST,2005,98.18361
Estonia,EST,2006,98.32978
Estonia,EST,2007,98.47691
Estonia,EST,2008,98.625015
Estonia,EST,2009,98.77408
Estonia,EST,2010,98.92409
Estonia,EST,2011,99.07506
Estonia,EST,2012,99.22915
Estonia,EST,2013,99.38479
Estonia,EST,2014,99.539314
Estonia,EST,2015,99.692726
Estonia,EST,2016,99.84503
Estonia,EST,2017,99.925705
Estonia,EST,2018,99.94854
Estonia,EST,2019,99.97147
Estonia,EST,2020,99.99452
Estonia,EST,2021,100.0
Estonia,EST,2022,100.0
Estonia,EST,2023,100.0
Estonia,EST,2024,100.0
Eswatini,SWZ,2000,52.382736
Eswatini,SWZ,2001,53.425842
Eswatini,SWZ,2002,54.47528
Eswatini,SWZ,2003,55.531048
Eswatini,SWZ,2004,56.59229
Eswatini,SWZ,2005,57.660275
Eswatini,SWZ,2006,58.73417
Eswatini,SWZ,2007,59.83257
Eswatini,SWZ,2008,61.050808
Eswatini,SWZ,2009,62.26917
Eswatini,SWZ,2010,63.487595
Eswatini,SWZ,2011,64.70639
Eswatini,SWZ,2012,65.899925
Eswatini,SWZ,2013,67.094666
Eswatini,SWZ,2014,68.29024
Eswatini,SWZ,2015,69.48694
Eswatini,SWZ,2016,70.68692
Eswatini,SWZ,2017,71.88963
Eswatini,SWZ,2018,73.09515
Eswatini,SWZ,2019,74.30323
Eswatini,SWZ,2020,75.51362
Eswatini,SWZ,2021,76.72607
Eswatini,SWZ,2022,77.94058
Eswatini,SWZ,2023,79.15638
Eswatini,SWZ,2024,80.37371
Ethiopia,ETH,2000,18.759062
Ethiopia,ETH,2001,20.28613
Ethiopia,ETH,2002,21.810595
Ethiopia,ETH,2003,23.33038
Ethiopia,ETH,2004,24.846077
Ethiopia,ETH,2005,26.357613
Ethiopia,ETH,2006,27.865513
Ethiopia,ETH,2007,29.378462
Ethiopia,ETH,2008,30.98697
Ethiopia,ETH,2009,32.588245
Ethiopia,ETH,2010,34.18369
Ethiopia,ETH,2011,35.771896
Ethiopia,ETH,2012,37.353645
Ethiopia,ETH,2013,38.91893
Ethiopia,ETH,2014,40.477066
Ethiopia,ETH,2015,42.02727
Ethiopia,ETH,2016,43.569748
Ethiopia,ETH,2017,45.103275
Ethiopia,ETH,2018,46.628967
Ethiopia,ETH,2019,48.146477
Ethiopia,ETH,2020,49.655045
Ethiopia,ETH,2021,51.154774
Ethiopia,ETH,2022,52.644936
Ethiopia,ETH,2023,54.125603
Ethiopia,ETH,2024,55.59607
Europe (WHO),WHO_EUR,2000,96.79869
Europe (WHO),WHO_EUR,2001,96.85246
Europe (WHO),WHO_EUR,2002,96.923164
Europe (WHO),WHO_EUR,2003,96.99368
Europe (WHO),WHO_EUR,2004,97.03715
Europe (WHO),WHO_EUR,2005,97.141594
Europe (WHO),WHO_EUR,2006,97.190506
Europe (WHO),WHO_EUR,2007,97.24161
Europe (WHO),WHO_EUR,2008,97.29355
Europe (WHO),WHO_EUR,2009,97.34569
Europe (WHO),WHO_EUR,2010,97.374886
Europe (WHO),WHO_EUR,2011,97.40417
Europe (WHO),WHO_EUR,2012,97.4313
Europe (WHO),WHO_EUR,2013,97.47363
Europe (WHO),WHO_EUR,2014,97.50274
Europe (WHO),WHO_EUR,2015,97.55567
Europe (WHO),WHO_EUR,2016,97.608925
Europe (WHO),WHO_EUR,2017,97.663605
Europe (WHO),WHO_EUR,2018,97.72057
Europe (WHO),WHO_EUR,2019,97.781494
Europe (WHO),WHO_EUR,2020,97.8364
Europe (WHO),WHO_EUR,2021,97.88013
Europe (WHO),WHO_EUR,2022,97.93611
Europe (WHO),WHO_EUR,2023,97.969894
Europe (WHO),WHO_EUR,2024,97.9823
Europe and Northern America (UN SDG),UNSDG_ENA,2000,98.74261
Europe and Northern America (UN SDG),UNSDG_ENA,2001,98.76223
Europe and Northern America (UN SDG),UNSDG_ENA,2002,98.78234
Europe and Northern America (UN SDG),UNSDG_ENA,2003,98.800995
Europe and Northern America (UN SDG),UNSDG_ENA,2004,98.7976
Europe and Northern America (UN SDG),UNSDG_ENA,2005,98.6556
Europe and Northern America (UN SDG),UNSDG_ENA,2006,98.65324
Europe and Northern America (UN SDG),UNSDG_ENA,2007,98.65242
Europe and Northern America (UN SDG),UNSDG_ENA,2008,98.65181
Europe and Northern America (UN SDG),UNSDG_ENA,2009,98.65175
Europe and Northern America (UN SDG),UNSDG_ENA,2010,98.65596
Europe and Northern America (UN SDG),UNSDG_ENA,2011,98.65985
Europe and Northern America (UN SDG),UNSDG_ENA,2012,98.662346
Europe and Northern America (UN SDG),UNSDG_ENA,2013,98.67715
Europe and Northern America (UN SDG),UNSDG_ENA,2014,98.6805
Europe and Northern America (UN SDG),UNSDG_ENA,2015,98.70263
Europe and Northern America (UN SDG),UNSDG_ENA,2016,98.72423
Europe and Northern America (UN SDG),UNSDG_ENA,2017,98.74557
Europe and Northern America (UN SDG),UNSDG_ENA,2018,98.7669
Europe and Northern America (UN SDG),UNSDG_ENA,2019,98.78811
Europe and Northern America (UN SDG),UNSDG_ENA,2020,98.808304
Europe and Northern America (UN SDG),UNSDG_ENA,2021,98.828125
Europe and Northern America (UN SDG),UNSDG_ENA,2022,98.856094
Europe and Northern America (UN SDG),UNSDG_ENA,2023,98.863396
Europe and Northern America (UN SDG),UNSDG_ENA,2024,98.854416
Falkland Islands,FLK,2012,94.48845
Falkland Islands,FLK,2013,94.602165
Falkland Islands,FLK,2014,94.71283
Falkland Islands,FLK,2015,94.82
Falkland Islands,FLK,2016,94.9239
Falkland Islands,FLK,2017,95.024734
Falkland Islands,FLK,2018,95.12253
Falkland Islands,FLK,2019,95.217255
Falkland Islands,FLK,2020,95.30893
Faroe Islands,FRO,2000,100.0
Faroe Islands,FRO,2001,100.0
Faroe Islands,FRO,2002,100.0
Faroe Islands,FRO,2003,100.0
Faroe Islands,FRO,2004,100.0
Faroe Islands,FRO,2005,100.0
Faroe Islands,FRO,2006,100.0
Faroe Islands,FRO,2007,100.0
Faroe Islands,FRO,2008,100.0
Faroe Islands,FRO,2009,100.0
Faroe Islands,FRO,2010,100.0
Faroe Islands,FRO,2011,100.0
Faroe Islands,FRO,2012,100.0
Faroe Islands,FRO,2013,100.0
Faroe Islands,FRO,2014,100.0
Faroe Islands,FRO,2015,100.0
Faroe Islands,FRO,2016,100.0
Faroe Islands,FRO,2017,100.0
Faroe Islands,FRO,2018,100.0
Faroe Islands,FRO,2019,100.0
Faroe Islands,FRO,2020,100.0
Faroe Islands,FRO,2021,100.0
Faroe Islands,FRO,2022,100.0
Faroe Islands,FRO,2023,100.0
Faroe Islands,FRO,2024,100.0
Fiji,FJI,2000,94.817184
Fiji,FJI,2001,94.84408
Fiji,FJI,2002,94.87097
Fiji,FJI,2003,94.8927
Fiji,FJI,2004,94.914795
Fiji,FJI,2005,94.93704
Fiji,FJI,2006,94.959656
Fiji,FJI,2007,94.98255
Fiji,FJI,2008,95.01254
Fiji,FJI,2009,95.04453
Fiji,FJI,2010,95.07698
Fiji,FJI,2011,95.10974
Fiji,FJI,2012,95.142944
Fiji,FJI,2013,95.176315
Fiji,FJI,2014,95.210075
Fiji,FJI,2015,95.2442
Fiji,FJI,2016,95.27863
Fiji,FJI,2017,95.3133
Fiji,FJI,2018,95.34827
Fiji,FJI,2019,95.383316
Fiji,FJI,2020,95.41836
Fiji,FJI,2021,95.45346
Fiji,FJI,2022,95.48863
Fiji,FJI,2023,95.52378
Fiji,FJI,2024,95.56039
Finland,FIN,2000,100.0
Finland,FIN,2001,100.0
Finland,FIN,2002,100.0
Finland,FIN,2003,100.0
Finland,FIN,2004,99.99999
Finland,FIN,2005,100.0
Finland,FIN,2006,100.0
Finland,FIN,2007,100.0
Finland,FIN,2008,100.0
Finland,FIN,2009,100.0
Finland,FIN,2010,100.0
Finland,FIN,2011,100.0
Finland,FIN,2012,100.0
Finland,FIN,2013,100.0
Finland,FIN,2014,100.0
Finland,FIN,2015,100.0
Finland,FIN,2016,100.0
Finland,FIN,2017,100.0
Finland,FIN,2018,100.0
Finland,FIN,2019,100.0
Finland,FIN,2020,100.0
Finland,FIN,2021,100.0
Finland,FIN,2022,100.0
Finland,FIN,2023,100.0
Finland,FIN,2024,100.0
France,FRA,2000,100.0
France,FRA,2001,100.0
France,FRA,2002,100.0
France,FRA,2003,100.0
France,FRA,2004,100.0
France,FRA,2005,100.0
France,FRA,2006,100.0
France,FRA,2007,100.0
France,FRA,2008,100.0
France,FRA,2009,100.0
France,FRA,2010,100.0
France,FRA,2011,100.0
France,FRA,2012,100.0
France,FRA,2013,100.0
France,FRA,2014,100.0
France,FRA,2015,100.0
France,FRA,2016,100.0
France,FRA,2017,100.0
France,FRA,2018,100.0
France,FRA,2019,100.0
France,FRA,2020,100.0
France,FRA,2021,100.0
France,FRA,2022,100.0
France,FRA,2023,100.0
France,FRA,2024,100.0
French Guiana,GUF,2001,92.6092
French Guiana,GUF,2002,92.6092
French Guiana,GUF,2003,92.6092
French Guiana,GUF,2004,92.6092
French Guiana,GUF,2005,92.6092
French Guiana,GUF,2006,92.73314
French Guiana,GUF,2007,92.85708
French Guiana,GUF,2008,92.98102
French Guiana,GUF,2009,93.10496
French Guiana,GUF,2010,93.2289
French Guiana,GUF,2011,93.35284
French Guiana,GUF,2012,93.476776
French Guiana,GUF,2013,93.600716
French Guiana,GUF,2014,93.724655
French Guiana,GUF,2015,93.848595
French Guiana,GUF,2016,93.972534
French Guiana,GUF,2017,94.09647
French Guiana,GUF,2018,94.22041
French Guiana,GUF,2019,94.34435
French Guiana,GUF,2020,94.46829
French Guiana,GUF,2021,94.59223
French Guiana,GUF,2022,94.71617
French Guiana,GUF,2023,94.84011
French Guiana,GUF,2024,94.84011
French Polynesia,PYF,2000,100.0
French Polynesia,PYF,2001,100.0
French Polynesia,PYF,2002,100.0
French Polynesia,PYF,2003,100.0
French Polynesia,PYF,2004,100.0
French Polynesia,PYF,2005,100.0
French Polynesia,PYF,2006,100.0
French Polynesia,PYF,2007,100.0
French Polynesia,PYF,2008,100.0
French Polynesia,PYF,2009,100.0
French Polynesia,PYF,2010,100.0
French Polynesia,PYF,2011,100.0
French Polynesia,PYF,2012,100.0
French Polynesia,PYF,2013,100.0
French Polynesia,PYF,2014,100.0
French Polynesia,PYF,2015,100.0
French Polynesia,PYF,2016,100.0
French Polynesia,PYF,2017,100.0
French Polynesia,PYF,2018,100.0
French Polynesia,PYF,2019,100.0
French Polynesia,PYF,2020,100.0
French Polynesia,PYF,2021,100.0
French Polynesia,PYF,2022,100.0
French Polynesia,PYF,2023,100.0
French Polynesia,PYF,2024,100.0
Gabon,GAB,2000,80.06525
Gabon,GAB,2001,80.56922
Gabon,GAB,2002,81.060005
Gabon,GAB,2003,81.537315
Gabon,GAB,2004,82.00138
Gabon,GAB,2005,82.45192
Gabon,GAB,2006,82.890076
Gabon,GAB,2007,83.31557
Gabon,GAB,2008,83.729515
Gabon,GAB,2009,84.13072
Gabon,GAB,2010,84.52073
Gabon,GAB,2011,84.89927
Gabon,GAB,2012,85.267395
Gabon,GAB,2013,85.623924
Gabon,GAB,2014,85.96589
Gabon,GAB,2015,86.29304
Gabon,GAB,2016,86.60647
Gabon,GAB,2017,86.90725
Gabon,GAB,2018,87.195984
Gabon,GAB,2019,87.47285
Gabon,GAB,2020,87.7393
Gabon,GAB,2021,87.99547
Gabon,GAB,2022,88.24194
Gabon,GAB,2023,88.47926
Gabon,GAB,2024,88.5995
Gambia,GMB,2000,71.75198
Gambia,GMB,2001,72.470985
Gambia,GMB,2002,73.18741
Gambia,GMB,2003,73.894196
Gambia,GMB,2004,74.57234
Gambia,GMB,2005,75.24828
Gambia,GMB,2006,75.92201
Gambia,GMB,2007,76.59349
Gambia,GMB,2008,77.2629
Gambia,GMB,2009,77.929504
Gambia,GMB,2010,78.593834
Gambia,GMB,2011,79.25554
Gambia,GMB,2012,79.91494
Gambia,GMB,2013,80.5712
Gambia,GMB,2014,81.22418
Gambia,GMB,2015,81.87375
Gambia,GMB,2016,82.51964
Gambia,GMB,2017,83.162056
Gambia,GMB,2018,83.80089
Gambia,GMB,2019,84.436195
Gambia,GMB,2020,85.06803
Gambia,GMB,2021,85.69631
Gambia,GMB,2022,86.32124
Gambia,GMB,2023,86.715576
Gambia,GMB,2024,87.10348
Georgia,GEO,2000,94.06023
Georgia,GEO,2001,94.161995
Georgia,GEO,2002,94.291534
Georgia,GEO,2003,94.45326
Georgia,GEO,2004,94.59808
Georgia,GEO,2005,94.741486
Georgia,GEO,2006,94.88358
Georgia,GEO,2007,95.02436
Georgia,GEO,2008,95.16374
Georgia,GEO,2009,95.30174
Georgia,GEO,2010,95.43842
Georgia,GEO,2011,95.57372
Georgia,GEO,2012,95.70773
Georgia,GEO,2013,95.84029
Georgia,GEO,2014,95.97155
Georgia,GEO,2015,96.10145
Georgia,GEO,2016,96.230644
Georgia,GEO,2017,96.35888
Georgia,GEO,2018,96.486275
Georgia,GEO,2019,96.61273
Georgia,GEO,2020,96.73828
Georgia,GEO,2021,96.877914
Georgia,GEO,2022,97.01646
Georgia,GEO,2023,97.15384
Georgia,GEO,2024,97.290016
Germany,DEU,2000,100.0
Germany,DEU,2001,100.0
Germany,DEU,2002,100.0
Germany,DEU,2003,100.0
Germany,DEU,2004,100.0
Germany,DEU,2005,100.0
Germany,DEU,2006,100.0
Germany,DEU,2007,100.0
Germany,DEU,2008,100.0
Germany,DEU,2009,100.0
Germany,DEU,2010,100.0
Germany,DEU,2011,100.0
Germany,DEU,2012,100.0
Germany,DEU,2013,100.0
Germany,DEU,2014,100.0
Germany,DEU,2015,100.0
Germany,DEU,2016,100.0
Germany,DEU,2017,100.0
Germany,DEU,2018,100.0
Germany,DEU,2019,100.0
Germany,DEU,2020,100.0
Germany,DEU,2021,100.0
Germany,DEU,2022,100.0
Germany,DEU,2023,100.0
Germany,DEU,2024,100.0
Ghana,GHA,2000,65.51722
Ghana,GHA,2001,66.272484
Ghana,GHA,2002,67.287025
Ghana,GHA,2003,68.30364
Ghana,GHA,2004,69.32259
Ghana,GHA,2005,70.342834
Ghana,GHA,2006,71.36516
Ghana,GHA,2007,72.38928
Ghana,GHA,2008,73.415215
Ghana,GHA,2009,74.44221
Ghana,GHA,2010,75.47127
Ghana,GHA,2011,76.50164
Ghana,GHA,2012,77.5331
Ghana,GHA,2013,78.565155
Ghana,GHA,2014,79.59783
Ghana,GHA,2015,80.631165
Ghana,GHA,2016,81.665146
Ghana,GHA,2017,82.69957
Ghana,GHA,2018,83.73447
Ghana,GHA,2019,84.769615
Ghana,GHA,2020,85.80528
Ghana,GHA,2021,86.841255
Ghana,GHA,2022,87.877556
Ghana,GHA,2023,88.89105
Ghana,GHA,2024,89.92201
Gibraltar,GIB,2000,100.0
Gibraltar,GIB,2001,100.0
Gibraltar,GIB,2002,100.0
Gibraltar,GIB,2003,100.0
Gibraltar,GIB,2004,100.0
Gibraltar,GIB,2005,100.0
Gibraltar,GIB,2006,100.0
Gibraltar,GIB,2007,100.0
Gibraltar,GIB,2008,100.0
Gibraltar,GIB,2009,100.0
Gibraltar,GIB,2010,100.0
Gibraltar,GIB,2011,100.0
Gibraltar,GIB,2012,100.0
Gibraltar,GIB,2013,100.0
Gibraltar,GIB,2014,100.0
Gibraltar,GIB,2015,100.0
Gibraltar,GIB,2016,100.0
Gibraltar,GIB,2017,100.0
Gibraltar,GIB,2018,100.0
Gibraltar,GIB,2019,100.0
Gibraltar,GIB,2020,100.0
Gibraltar,GIB,2021,100.0
Gibraltar,GIB,2022,100.0
Gibraltar,GIB,2023,100.0
Gibraltar,GIB,2024,100.0
Greece,GRC,2000,99.75781
Greece,GRC,2001,99.77438
Greece,GRC,2002,99.79199
Greece,GRC,2003,99.80923
Greece,GRC,2004,99.8261
Greece,GRC,2005,99.8426
Greece,GRC,2006,99.858734
Greece,GRC,2007,99.87451
Greece,GRC,2008,99.889946
Greece,GRC,2009,99.90502
Greece,GRC,2010,99.91976
Greece,GRC,2011,99.934166
Greece,GRC,2012,99.94824
Greece,GRC,2013,99.96199
Greece,GRC,2014,99.97542
Greece,GRC,2015,99.988525
Greece,GRC,2016,100.0
Greece,GRC,2017,100.0
Greece,GRC,2018,100.0
Greece,GRC,2019,100.0
Greece,GRC,2020,100.0
Greece,GRC,2021,100.0
Greece,GRC,2022,100.0
Greece,GRC,2023,100.0
Greece,GRC,2024,100.0
Greenland,GRL,2000,100.0
Greenland,GRL,2001,100.0
Greenland,GRL,2002,100.0
Greenland,GRL,2003,100.0
Greenland,GRL,2004,100.0
Greenland,GRL,2005,100.0
Greenland,GRL,2006,100.0
Greenland,GRL,2007,100.0
Greenland,GRL,2008,100.0
Greenland,GRL,2009,100.0
Greenland,GRL,2010,100.0
Greenland,GRL,2011,100.0
Greenland,GRL,2012,100.0
Greenland,GRL,2013,100.0
Greenland,GRL,2014,100.0
Greenland,GRL,2015,100.0
Greenland,GRL,2016,100.0
Greenland,GRL,2017,100.0
Greenland,GRL,2018,100.0
Greenland,GRL,2019,100.0
Greenland,GRL,2020,100.0
Greenland,GRL,2021,100.0
Greenland,GRL,2022,100.0
Greenland,GRL,2023,100.0
Greenland,GRL,2024,100.0
Grenada,GRD,2000,93.30764
Grenada,GRD,2001,93.539955
Grenada,GRD,2002,93.77227
Grenada,GRD,2003,94.004585
Grenada,GRD,2004,94.2369
Grenada,GRD,2005,94.469215
Grenada,GRD,2006,94.70153
Grenada,GRD,2007,94.933846
Grenada,GRD,2008,95.16616
Grenada,GRD,2009,95.398476
Grenada,GRD,2010,95.63079
Grenada,GRD,2011,95.863106
Grenada,GRD,2012,95.97139
Grenada,GRD,2013,95.62865
Grenada,GRD,2014,95.62865
Grenada,GRD,2015,95.62865
Grenada,GRD,2016,95.62865
Grenada,GRD,2017,95.62865
Guadeloupe,GLP,2001,99.16755
Guadeloupe,GLP,2002,99.16755
Guadeloupe,GLP,2003,99.16755
Guadeloupe,GLP,2004,99.16755
Guadeloupe,GLP,2005,99.16755
Guadeloupe,GLP,2006,99.20969
Guadeloupe,GLP,2007,99.25183
Guadeloupe,GLP,2008,99.29397
Guadeloupe,GLP,2009,99.33611
Guadeloupe,GLP,2010,99.37825
Guadeloupe,GLP,2011,99.420395
Guadeloupe,GLP,2012,99.46253
Guadeloupe,GLP,2013,99.50468
Guadeloupe,GLP,2014,99.546814
Guadeloupe,GLP,2015,99.58896
Guadeloupe,GLP,2016,99.631096
Guadeloupe,GLP,2017,99.67324
Guadeloupe,GLP,2018,99.71538
Guadeloupe,GLP,2019,99.757515
Guadeloupe,GLP,2020,99.79966
Guadeloupe,GLP,2021,99.8418
Guadeloupe,GLP,2022,99.88394
Guadeloupe,GLP,2023,99.92608
Guadeloupe,GLP,2024,99.92608
Guam,GUM,2000,99.47356
Guam,GUM,2001,99.47609
Guam,GUM,2002,99.47862
Guam,GUM,2003,99.481155
Guam,GUM,2004,99.48369
Guam,GUM,2005,99.48622
Guam,GUM,2006,99.488754
Guam,GUM,2007,99.491295
Guam,GUM,2008,99.49383
Guam,GUM,2009,99.49636
Guam,GUM,2010,99.49889
Guam,GUM,2011,99.50143
Guam,GUM,2012,99.50396
Guam,GUM,2013,99.50649
Guam,GUM,2014,99.509026
Guam,GUM,2015,99.511566
Guam,GUM,2016,99.5141
Guam,GUM,2017,99.51663
Guam,GUM,2018,99.519165
Guam,GUM,2019,99.5217
Guam,GUM,2020,99.52423
Guam,GUM,2021,99.526764
Guam,GUM,2022,99.529305
Guam,GUM,2023,99.529305
Guam,GUM,2024,99.529305
Guatemala,GTM,2000,87.50896
Guatemala,GTM,2001,87.77526
Guatemala,GTM,2002,88.03902
Guatemala,GTM,2003,88.29666
Guatemala,GTM,2004,88.549675
Guatemala,GTM,2005,88.80014
Guatemala,GTM,2006,89.0482
Guatemala,GTM,2007,89.294
Guatemala,GTM,2008,89.53753
Guatemala,GTM,2009,89.77842
Guatemala,GTM,2010,90.017166
Guatemala,GTM,2011,90.253426
Guatemala,GTM,2012,90.48743
Guatemala,GTM,2013,90.72038
Guatemala,GTM,2014,90.95219
Guatemala,GTM,2015,91.182945
Guatemala,GTM,2016,91.41221
Guatemala,GTM,2017,91.64009
Guatemala,GTM,2018,91.86648
Guatemala,GTM,2019,92.09105
Guatemala,GTM,2020,92.31382
Guatemala,GTM,2021,92.53467
Guatemala,GTM,2022,92.7535
Guatemala,GTM,2023,92.97013
Guatemala,GTM,2024,93.18454
Guinea,GIN,2000,49.75328
Guinea,GIN,2001,50.503635
Guinea,GIN,2002,51.252304
Guinea,GIN,2003,51.999626
Guinea,GIN,2004,52.745228
Guinea,GIN,2005,53.4891
Guinea,GIN,2006,54.23158
Guinea,GIN,2007,54.972294
Guinea,GIN,2008,55.71124
Guinea,GIN,2009,56.4484
Guinea,GIN,2010,57.184097
Guinea,GIN,2011,58.360313
Guinea,GIN,2012,59.5459
Guinea,GIN,2013,60.740795
Guinea,GIN,2014,61.944954
Guinea,GIN,2015,63.16257
Guinea,GIN,2016,64.39355
Guinea,GIN,2017,65.63776
Guinea,GIN,2018,66.895096
Guinea,GIN,2019,68.16513
Guinea,GIN,2020,69.448364
Guinea,GIN,2021,70.744354
Guinea,GIN,2022,72.05328
Guinea,GIN,2023,73.37437
Guinea,GIN,2024,74.19248
Guinea-Bissau,GNB,2000,55.179726
Guinea-Bissau,GNB,2001,55.63551
Guinea-Bissau,GNB,2002,56.07668
Guinea-Bissau,GNB,2003,56.50251
Guinea-Bissau,GNB,2004,56.913307
Guinea-Bissau,GNB,2005,57.30839
Guinea-Bissau,GNB,2006,57.688683
Guinea-Bissau,GNB,2007,58.053513
Guinea-Bissau,GNB,2008,58.403156
Guinea-Bissau,GNB,2009,58.73699
Guinea-Bissau,GNB,2010,59.05613
Guinea-Bissau,GNB,2011,59.35994
Guinea-Bissau,GNB,2012,59.648643
Guinea-Bissau,GNB,2013,59.921917
Guinea-Bissau,GNB,2014,60.17997
Guinea-Bissau,GNB,2015,60.42273
Guinea-Bissau,GNB,2016,60.649895
Guinea-Bissau,GNB,2017,60.861423
Guinea-Bissau,GNB,2018,61.0575
Guinea-Bissau,GNB,2019,61.237827
Guinea-Bissau,GNB,2020,61.40237
Guinea-Bissau,GNB,2021,61.551083
Guinea-Bissau,GNB,2022,61.636353
Guinea-Bissau,GNB,2023,61.72183
Guinea-Bissau,GNB,2024,61.8077
Guyana,GUY,2000,89.32114
Guyana,GUY,2001,89.599304
Guyana,GUY,2002,89.87836
Guyana,GUY,2003,90.14739
Guyana,GUY,2004,90.41579
Guyana,GUY,2005,90.68663
Guyana,GUY,2006,90.95997
Guyana,GUY,2007,91.23572
Guyana,GUY,2008,91.51386
Guyana,GUY,2009,91.79443
Guyana,GUY,2010,92.07738
Guyana,GUY,2011,92.36266
Guyana,GUY,2012,92.66093
Guyana,GUY,2013,92.95924
Guyana,GUY,2014,93.25812
Guyana,GUY,2015,93.55731
Guyana,GUY,2016,93.856674
Guyana,GUY,2017,94.15601
Guyana,GUY,2018,94.45506
Guyana,GUY,2019,94.75371
Guyana,GUY,2020,95.0517
Guyana,GUY,2021,95.34884
Guyana,GUY,2022,95.644936
Guyana,GUY,2023,95.644615
Guyana,GUY,2024,95.644264
Haiti,HTI,2000,54.391277
Haiti,HTI,2001,55.637074
Haiti,HTI,2002,56.868977
Haiti,HTI,2003,58.083424
Haiti,HTI,2004,58.970005
Haiti,HTI,2005,59.804832
Haiti,HTI,2006,60.62475
Haiti,HTI,2007,61.428516
Haiti,HTI,2008,62.217472
Haiti,HTI,2009,62.988804
Haiti,HTI,2010,63.74429
Haiti,HTI,2011,64.48323
Haiti,HTI,2012,65.20578
Haiti,HTI,2013,65.91055
Haiti,HTI,2014,66.59889
Haiti,HTI,2015,67.270226
Haiti,HTI,2016,67.92007
Haiti,HTI,2017,68.54712
Haiti,HTI,2018,69.15226
Haiti,HTI,2019,69.73601
Haiti,HTI,2020,70.488075
Haiti,HTI,2021,71.22169
Haiti,HTI,2022,71.93723
Haiti,HTI,2023,72.635124
Haiti,HTI,2024,73.31575
High-income countries,OWID_HIC,2000,98.2148
High-income countries,OWID_HIC,2001,98.24159
High-income countries,OWID_HIC,2002,98.86616
High-income countries,OWID_HIC,2003,98.88277
High-income countries,OWID_HIC,2004,98.89756
High-income countries,OWID_HIC,2005,98.80994
High-income countries,OWID_HIC,2006,98.82871
High-income countries,OWID_HIC,2007,98.84996
High-income countries,OWID_HIC,2008,98.87093
High-income countries,OWID_HIC,2009,98.892075
High-income countries,OWID_HIC,2010,98.91643
High-income countries,OWID_HIC,2011,98.93856
High-income countries,OWID_HIC,2012,98.95893
High-income countries,OWID_HIC,2013,98.97998
High-income countries,OWID_HIC,2014,99.00355
High-income countries,OWID_HIC,2015,99.02374
High-income countries,OWID_HIC,2016,99.04417
High-income countries,OWID_HIC,2017,99.06357
High-income countries,OWID_HIC,2018,99.08339
High-income countries,OWID_HIC,2019,99.10386
High-income countries,OWID_HIC,2020,99.120346
High-income countries,OWID_HIC,2021,99.13905
High-income countries,OWID_HIC,2022,99.15185
High-income countries,OWID_HIC,2023,99.1507
High-income countries,OWID_HIC,2024,99.14582
Honduras,HND,2000,85.700966
Honduras,HND,2001,86.20428
Honduras,HND,2002,86.72889
Honduras,HND,2003,87.203156
Honduras,HND,2004,87.67181
Honduras,HND,2005,88.133965
Honduras,HND,2006,88.59033
Honduras,HND,2007,89.04057
Honduras,HND,2008,89.48488
Honduras,HND,2009,89.92277
Honduras,HND,2010,90.354744
Honduras,HND,2011,90.78036
Honduras,HND,2012,91.2001
Honduras,HND,2013,91.6134
Honduras,HND,2014,92.02074
Honduras,HND,2015,92.42145
Honduras,HND,2016,92.81589
Honduras,HND,2017,93.20397
Honduras,HND,2018,93.58565
Honduras,HND,2019,93.961
Honduras,HND,2020,94.33011
Honduras,HND,2021,94.69295
Honduras,HND,2022,95.09039
Honduras,HND,2023,95.434875
Honduras,HND,2024,95.72937
Hong Kong,HKG,2000,98.907005
Hong Kong,HKG,2001,98.96554
Hong Kong,HKG,2002,99.02408
Hong Kong,HKG,2003,99.08261
Hong Kong,HKG,2004,99.14114
Hong Kong,HKG,2005,99.199684
Hong Kong,HKG,2006,99.25822
Hong Kong,HKG,2007,99.31675
Hong Kong,HKG,2008,99.37529
Hong Kong,HKG,2009,99.43382
Hong Kong,HKG,2010,99.492355
Hong Kong,HKG,2011,99.550896
Hong Kong,HKG,2012,99.60943
Hong Kong,HKG,2013,99.66796
Hong Kong,HKG,2014,99.7265
Hong Kong,HKG,2015,99.785034
Hong Kong,HKG,2016,99.84357
Hong Kong,HKG,2017,99.9021
Hong Kong,HKG,2018,99.96064
Hong Kong,HKG,2019,100.0
Hong Kong,HKG,2020,100.0
Hong Kong,HKG,2021,100.0
Hong Kong,HKG,2022,100.0
Hong Kong,HKG,2023,100.0
Hong Kong,HKG,2024,100.0
Hungary,HUN,2000,93.89584
Hungary,HUN,2001,94.1936
Hungary,HUN,2002,94.51337
Hungary,HUN,2003,94.82986
Hungary,HUN,2004,95.14326
Hungary,HUN,2005,95.45739
Hungary,HUN,2006,95.77152
Hungary,HUN,2007,96.0815
Hungary,HUN,2008,96.38735
Hungary,HUN,2009,96.68911
Hungary,HUN,2010,96.98424
Hungary,HUN,2011,97.275856
Hungary,HUN,2012,97.55974
Hungary,HUN,2013,97.83985
Hungary,HUN,2014,98.1179
Hungary,HUN,2015,98.39388
Hungary,HUN,2016,98.667946
Hungary,HUN,2017,98.94001
Hungary,HUN,2018,99.21004
Hungary,HUN,2019,99.47795
Hungary,HUN,2020,99.74371
Hungary,HUN,2021,99.97225
Hungary,HUN,2022,100.0
Hungary,HUN,2023,100.0
Hungary,HUN,2024,100.0
Iceland,ISL,2000,100.0
Iceland,ISL,2001,100.0
Iceland,ISL,2002,100.0
Iceland,ISL,2003,100.0
Iceland,ISL,2004,100.0
Iceland,ISL,2005,100.0
Iceland,ISL,2006,100.0
Iceland,ISL,2007,100.0
Iceland,ISL,2008,100.0
Iceland,ISL,2009,100.0
Iceland,ISL,2010,100.0
Iceland,ISL,2011,100.0
Iceland,ISL,2012,99.99999
Iceland,ISL,2013,100.0
Iceland,ISL,2014,100.0
Iceland,ISL,2015,100.0
Iceland,ISL,2016,100.0
Iceland,ISL,2017,100.0
Iceland,ISL,2018,100.0
Iceland,ISL,2019,100.0
Iceland,ISL,2020,100.0
Iceland,ISL,2021,100.0
Iceland,ISL,2022,100.0
Iceland,ISL,2023,100.0
Iceland,ISL,2024,100.0
India,IND,2000,79.49189
India,IND,2001,80.06599
India,IND,2002,80.76849
India,IND,2003,81.469345
India,IND,2004,82.16863
India,IND,2005,82.866005
India,IND,2006,83.56155
India,IND,2007,84.25534
India,IND,2008,84.94731
India,IND,2009,85.637146
India,IND,2010,86.32491
India,IND,2011,87.01067
India,IND,2012,87.69519
India,IND,2013,88.37814
India,IND,2014,89.059395
India,IND,2015,89.73871
India,IND,2016,90.415825
India,IND,2017,91.09058
India,IND,2018,91.76265
India,IND,2019,92.431786
India,IND,2020,93.09773
India,IND,2021,93.760284
India,IND,2022,94.41913
India,IND,2023,95.07406
India,IND,2024,95.72474
Indonesia,IDN,2000,75.77555
Indonesia,IDN,2001,76.775055
Indonesia,IDN,2002,77.76483
Indonesia,IDN,2003,78.744576
Indonesia,IDN,2004,79.71467
Indonesia,IDN,2005,80.67395
Indonesia,IDN,2006,81.62304
Indonesia,IDN,2007,82.561485
Indonesia,IDN,2008,83.48963
Indonesia,IDN,2009,84.39133
Indonesia,IDN,2010,85.16618
Indonesia,IDN,2011,85.63782
Indonesia,IDN,2012,86.074585
Indonesia,IDN,2013,86.49724
Indonesia,IDN,2014,86.906555
Indonesia,IDN,2015,87.302376
Indonesia,IDN,2016,87.68499
Indonesia,IDN,2017,88.05413
Indonesia,IDN,2018,88.41042
Indonesia,IDN,2019,88.75389
Indonesia,IDN,2020,89.08516
Indonesia,IDN,2021,89.40411
Indonesia,IDN,2022,89.71135
Indonesia,IDN,2023,89.35785
Indonesia,IDN,2024,89.00876
Iran,IRN,2000,94.208725
Iran,IRN,2001,94.412735
Iran,IRN,2002,94.612114
Iran,IRN,2003,94.80689
Iran,IRN,2004,94.99703
Iran,IRN,2005,95.182495
Iran,IRN,2006,95.36336
Iran,IRN,2007,95.535484
Iran,IRN,2008,95.70148
Iran,IRN,2009,95.86354
Iran,IRN,2010,96.02183
Iran,IRN,2011,96.1763
Iran,IRN,2012,96.32616
Iran,IRN,2013,96.471825
Iran,IRN,2014,96.614105
Iran,IRN,2015,96.75292
Iran,IRN,2016,96.88838
Iran,IRN,2017,97.02044
Iran,IRN,2018,97.149025
Iran,IRN,2019,97.274185
Iran,IRN,2020,97.39606
Iran,IRN,2021,97.51463
Iran,IRN,2022,97.63014
Iran,IRN,2023,97.74255
Iran,IRN,2024,97.852066
Iraq,IRQ,2000,80.84652
Iraq,IRQ,2001,81.73641
Iraq,IRQ,2002,82.62604
Iraq,IRQ,2003,83.5154
Iraq,IRQ,2004,84.40449
Iraq,IRQ,2005,85.29329
Iraq,IRQ,2006,86.18151
Iraq,IRQ,2007,87.06975
Iraq,IRQ,2008,87.95767
Iraq,IRQ,2009,88.84505
Iraq,IRQ,2010,89.74768
Iraq,IRQ,2011,90.65623
Iraq,IRQ,2012,91.56041
Iraq,IRQ,2013,92.46028
Iraq,IRQ,2014,93.35602
Iraq,IRQ,2015,94.2476
Iraq,IRQ,2016,95.13617
Iraq,IRQ,2017,96.02131
Iraq,IRQ,2018,96.902405
Iraq,IRQ,2019,97.778786
Iraq,IRQ,2020,98.3599
Iraq,IRQ,2021,98.371155
Iraq,IRQ,2022,98.38285
Iraq,IRQ,2023,98.39505
Iraq,IRQ,2024,98.40769
Ireland,IRL,2000,96.64322
Ireland,IRL,2001,96.66367
Ireland,IRL,2002,96.68394
Ireland,IRL,2003,96.703865
Ireland,IRL,2004,96.72363
Ireland,IRL,2005,96.74325
Ireland,IRL,2006,96.76281
Ireland,IRL,2007,96.78274
Ireland,IRL,2008,96.80254
Ireland,IRL,2009,96.82224
Ireland,IRL,2010,96.84183
Ireland,IRL,2011,96.86129
Ireland,IRL,2012,96.880646
Ireland,IRL,2013,96.89989
Ireland,IRL,2014,96.919014
Ireland,IRL,2015,96.938034
Ireland,IRL,2016,96.956924
Ireland,IRL,2017,96.975586
Ireland,IRL,2018,96.99395
Ireland,IRL,2019,97.012054
Ireland,IRL,2020,97.029854
Ireland,IRL,2021,97.04736
Ireland,IRL,2022,97.064575
Ireland,IRL,2023,97.08147
Ireland,IRL,2024,97.09803
Isle of Man,IMN,2009,98.65606
Isle of Man,IMN,2010,98.65606
Isle of Man,IMN,2011,98.65606
Isle of Man,IMN,2012,98.65606
Isle of Man,IMN,2013,98.65606
Isle of Man,IMN,2014,98.79248
Isle of Man,IMN,2015,98.9289
Isle of Man,IMN,2016,99.06532
Isle of Man,IMN,2017,99.201744
Isle of Man,IMN,2018,99.338165
Isle of Man,IMN,2019,99.47459
Isle of Man,IMN,2020,99.61101
Isle of Man,IMN,2021,99.74743
Isle of Man,IMN,2022,99.88385
Isle of Man,IMN,2023,100.0
Isle of Man,IMN,2024,100.0
Israel,ISR,2000,100.0
Israel,ISR,2001,100.0
Israel,ISR,2002,100.0
Israel,ISR,2003,100.0
Israel,ISR,2004,100.0
Israel,ISR,2005,100.0
Israel,ISR,2006,100.0
Israel,ISR,2007,100.0
Israel,ISR,2008,100.0
Israel,ISR,2009,100.0
Israel,ISR,2010,100.0
Israel,ISR,2011,100.0
Israel,ISR,2012,100.0
Israel,ISR,2013,100.0
Israel,ISR,2014,100.0
Israel,ISR,2015,100.0
Israel,ISR,2016,100.0
Israel,ISR,2017,100.0
Israel,ISR,2018,100.0
Israel,ISR,2019,100.0
Israel,ISR,2020,100.0
Israel,ISR,2021,100.0
Israel,ISR,2022,100.0
Israel,ISR,2023,100.0
Israel,ISR,2024,100.0
Italy,ITA,2000,99.55706
Italy,ITA,2001,99.58277
Italy,ITA,2002,99.60848
Italy,ITA,2003,99.63419
Italy,ITA,2004,99.65991
Italy,ITA,2005,99.68562
Italy,ITA,2006,99.711334
Italy,ITA,2007,99.737045
Italy,ITA,2008,99.76276
Italy,ITA,2009,99.788475
Italy,ITA,2010,99.814186
Italy,ITA,2011,99.8399
Italy,ITA,2012,99.86561
Italy,ITA,2013,99.89132
Italy,ITA,2014,99.91703
Italy,ITA,2015,99.91703
Italy,ITA,2016,99.91703
Italy,ITA,2017,99.91703
Italy,ITA,2018,99.91703
Italy,ITA,2019,99.91703
Italy,ITA,2020,99.91703
Italy,ITA,2021,99.91703
Italy,ITA,2022,99.91703
Italy,ITA,2023,99.91703
Italy,ITA,2024,99.91703
Jamaica,JAM,2000,93.04477
Jamaica,JAM,2001,93.23146
Jamaica,JAM,2002,93.4127
Jamaica,JAM,2003,93.59166
Jamaica,JAM,2004,93.544266
Jamaica,JAM,2005,93.4959
Jamaica,JAM,2006,93.35517
Jamaica,JAM,2007,93.050186
Jamaica,JAM,2008,92.74263
Jamaica,JAM,2009,92.432335
Jamaica,JAM,2010,92.1194
Jamaica,JAM,2011,91.80394
Jamaica,JAM,2012,91.4872
Jamaica,JAM,2013,91.16917
Jamaica,JAM,2014,90.84973
Jamaica,JAM,2015,90.52873
Jamaica,JAM,2016,90.20615
Jamaica,JAM,2017,89.88181
Jamaica,JAM,2018,89.555725
Jamaica,JAM,2019,89.227715
Jamaica,JAM,2020,88.89773
Jamaica,JAM,2021,88.565674
Jamaica,JAM,2022,88.23148
Jamaica,JAM,2023,87.89503
Jamaica,JAM,2024,87.55626
Japan,JPN,2000,98.519615
Japan,JPN,2001,98.519615
Japan,JPN,2002,98.519615
Japan,JPN,2003,98.519615
Japan,JPN,2004,98.519615
Japan,JPN,2005,98.554535
Japan,JPN,2006,98.58946
Japan,JPN,2007,98.62438
Japan,JPN,2008,98.65931
Japan,JPN,2009,98.69424
Japan,JPN,2010,98.72916
Japan,JPN,2011,98.764084
Japan,JPN,2012,98.799
Japan,JPN,2013,98.83393
Japan,JPN,2014,98.86885
Japan,JPN,2015,98.90378
Japan,JPN,2016,98.9387
Japan,JPN,2017,98.973625
Japan,JPN,2018,99.008545
Japan,JPN,2019,99.04347
Japan,JPN,2020,99.0784
Japan,JPN,2021,99.11332
Japan,JPN,2022,99.14825
Japan,JPN,2023,99.18317
Japan,JPN,2024,99.18317
Jersey,JEY,2007,97.675
Jersey,JEY,2008,97.675
Jersey,JEY,2009,97.675
Jersey,JEY,2010,97.675
Jersey,JEY,2011,97.675
Jersey,JEY,2012,97.7125
Jersey,JEY,2013,97.75
Jersey,JEY,2014,97.7875
Jersey,JEY,2015,97.825
Jersey,JEY,2016,97.8625
Jersey,JEY,2017,97.9
Jersey,JEY,2018,97.9375
Jersey,JEY,2019,97.975
Jersey,JEY,2020,98.0125
Jersey,JEY,2021,98.05
Jersey,JEY,2022,98.05
Jersey,JEY,2023,98.05
Jersey,JEY,2024,98.05
Jordan,JOR,2000,98.37543
Jordan,JOR,2001,98.40483
Jordan,JOR,2002,98.43422
Jordan,JOR,2003,98.46358
Jordan,JOR,2004,98.49294
Jordan,JOR,2005,98.54943
Jordan,JOR,2006,98.612045
Jordan,JOR,2007,98.671165
Jordan,JOR,2008,98.72701
Jordan,JOR,2009,98.7796
Jordan,JOR,2010,98.82927
Jordan,JOR,2011,98.87614
Jordan,JOR,2012,98.920425
Jordan,JOR,2013,98.962204
Jordan,JOR,2014,99.001755
Jordan,JOR,2015,99.02912
Jordan,JOR,2016,99.0561
Jordan,JOR,2017,99.08263
Jordan,JOR,2018,99.11244
Jordan,JOR,2019,99.142
Jordan,JOR,2020,99.17127
Jordan,JOR,2021,99.200325
Jordan,JOR,2022,99.22914
Jordan,JOR,2023,99.25773
Jordan,JOR,2024,99.28611
Kazakhstan,KAZ,2000,90.03074
Kazakhstan,KAZ,2001,90.454315
Kazakhstan,KAZ,2002,90.82035
Kazakhstan,KAZ,2003,91.185295
Kazakhstan,KAZ,2004,91.54914
Kazakhstan,KAZ,2005,91.91189
Kazakhstan,KAZ,2006,92.273544
Kazakhstan,KAZ,2007,92.634094
Kazakhstan,KAZ,2008,92.993546
Kazakhstan,KAZ,2009,93.35189
Kazakhstan,KAZ,2010,93.70903
Kazakhstan,KAZ,2011,94.06517
Kazakhstan,KAZ,2012,94.420204
Kazakhstan,KAZ,2013,94.774124
Kazakhstan,KAZ,2014,95.12687
Kazakhstan,KAZ,2015,95.47858
Kazakhstan,KAZ,2016,95.74658
Kazakhstan,KAZ,2017,95.99702
Kazakhstan,KAZ,2018,96.30608
Kazakhstan,KAZ,2019,96.61448
Kazakhstan,KAZ,2020,96.92177
Kazakhstan,KAZ,2021,97.227516
Kazakhstan,KAZ,2022,97.53134
Kazakhstan,KAZ,2023,97.83282
Kazakhstan,KAZ,2024,97.83366
Kenya,KEN,2000,45.360023
Kenya,KEN,2001,46.23005
Kenya,KEN,2002,47.097984
Kenya,KEN,2003,47.963722
Kenya,KEN,2004,48.82715
Kenya,KEN,2005,49.687233
Kenya,KEN,2006,50.54483
Kenya,KEN,2007,51.399826
Kenya,KEN,2008,52.252117
Kenya,KEN,2009,53.100727
Kenya,KEN,2010,53.94644
Kenya,KEN,2011,54.79128
Kenya,KEN,2012,55.63461
Kenya,KEN,2013,56.477062
Kenya,KEN,2014,57.3176
Kenya,KEN,2015,58.156425
Kenya,KEN,2016,58.993332
Kenya,KEN,2017,59.828102
Kenya,KEN,2018,60.660904
Kenya,KEN,2019,61.490765
Kenya,KEN,2020,62.31821
Kenya,KEN,2021,63.14267
Kenya,KEN,2022,63.96426
Kenya,KEN,2023,64.78208
Kenya,KEN,2024,65.596596
Kiribati,KIR,2000,56.16539
Kiribati,KIR,2001,57.32463
Kiribati,KIR,2002,58.33211
Kiribati,KIR,2003,59.339912
Kiribati,KIR,2004,60.34773
Kiribati,KIR,2005,61.35525
Kiribati,KIR,2006,62.50457
Kiribati,KIR,2007,63.76441
Kiribati,KIR,2008,64.99399
Kiribati,KIR,2009,66.14693
Kiribati,KIR,2010,67.17284
Kiribati,KIR,2011,68.18757
Kiribati,KIR,2012,69.19089
Kiribati,KIR,2013,70.18139
Kiribati,KIR,2014,71.15977
Kiribati,KIR,2015,72.1255
Kiribati,KIR,2016,73.074135
Kiribati,KIR,2017,74.00452
Kiribati,KIR,2018,74.91721
Kiribati,KIR,2019,75.812225
Kiribati,KIR,2020,76.68905
Kiribati,KIR,2021,77.54798
Kiribati,KIR,2022,78.70165
Kiribati,KIR,2023,78.887375
Kiribati,KIR,2024,79.068344
Kuwait,KWT,2000,100.0
Kuwait,KWT,2001,100.0
Kuwait,KWT,2002,100.0
Kuwait,KWT,2003,100.0
Kuwait,KWT,2004,100.0
Kuwait,KWT,2005,100.0
Kuwait,KWT,2006,100.0
Kuwait,KWT,2007,100.0
Kuwait,KWT,2008,100.0
Kuwait,KWT,2009,100.0
Kuwait,KWT,2010,100.0
Kuwait,KWT,2011,100.0
Kuwait,KWT,2012,100.0
Kuwait,KWT,2013,100.0
Kuwait,KWT,2014,100.0
Kuwait,KWT,2015,100.0
Kuwait,KWT,2016,100.0
Kuwait,KWT,2017,100.0
Kuwait,KWT,2018,100.0
Kuwait,KWT,2019,100.0
Kuwait,KWT,2020,100.0
Kuwait,KWT,2021,100.0
Kuwait,KWT,2022,100.0
Kuwait,KWT,2023,100.0
Kuwait,KWT,2024,100.0
Kyrgyzstan,KGZ,2000,80.942505
Kyrgyzstan,KGZ,2001,80.94208
Kyrgyzstan,KGZ,2002,81.58481
Kyrgyzstan,KGZ,2003,82.227356
Kyrgyzstan,KGZ,2004,82.870125
Kyrgyzstan,KGZ,2005,83.476944
Kyrgyzstan,KGZ,2006,84.08328
Kyrgyzstan,KGZ,2007,84.68874
Kyrgyzstan,KGZ,2008,85.29352
Kyrgyzstan,KGZ,2009,85.89779
Kyrgyzstan,KGZ,2010,86.50508
Kyrgyzstan,KGZ,2011,87.115135
Kyrgyzstan,KGZ,2012,87.72767
Kyrgyzstan,KGZ,2013,88.34194
Kyrgyzstan,KGZ,2014,88.957664
Kyrgyzstan,KGZ,2015,89.57443
Kyrgyzstan,KGZ,2016,90.191925
Kyrgyzstan,KGZ,2017,90.80958
Kyrgyzstan,KGZ,2018,91.427086
Kyrgyzstan,KGZ,2019,92.0439
Kyrgyzstan,KGZ,2020,92.58732
Kyrgyzstan,KGZ,2021,93.25025
Kyrgyzstan,KGZ,2022,93.777084
Kyrgyzstan,KGZ,2023,94.30004
Kyrgyzstan,KGZ,2024,94.94306
Laos,LAO,2000,48.341335
Laos,LAO,2001,50.53526
Laos,LAO,2002,52.710743
Laos,LAO,2003,54.865383
Laos,LAO,2004,56.999413
Laos,LAO,2005,59.04275
Laos,LAO,2006,60.93345
Laos,LAO,2007,62.80628
Laos,LAO,2008,64.66209
Laos,LAO,2009,66.49957
Laos,LAO,2010,68.31927
Laos,LAO,2011,70.12111
Laos,LAO,2012,71.905266
Laos,LAO,2013,73.67065
Laos,LAO,2014,75.41801
Laos,LAO,2015,77.14704
Laos,LAO,2016,78.85795
Laos,LAO,2017,80.55006
Laos,LAO,2018,82.2234
Laos,LAO,2019,83.87821
Laos,LAO,2020,85.885635
Laos,LAO,2021,87.52425
Laos,LAO,2022,89.14502
Laos,LAO,2023,92.62572
Laos,LAO,2024,95.86358
Latin America and the Caribbean (UN SDG),UNSDG_LAC,2000,90.99186
Latin America and the Caribbean (UN SDG),UNSDG_LAC,2001,91.37208
Latin America and the Caribbean (UN SDG),UNSDG_LAC,2002,91.73703
Latin America and the Caribbean (UN SDG),UNSDG_LAC,2003,92.09408
Latin America and the Caribbean (UN SDG),UNSDG_LAC,2004,92.43355
Latin America and the Caribbean (UN SDG),UNSDG_LAC,2005,92.785355
Latin America and the Caribbean (UN SDG),UNSDG_LAC,2006,93.101456
Latin America and the Caribbean (UN SDG),UNSDG_LAC,2007,93.391754
Latin America and the Caribbean (UN SDG),UNSDG_LAC,2008,93.67353
Latin America and the Caribbean (UN SDG),UNSDG_LAC,2009,93.94465
Latin America and the Caribbean (UN SDG),UNSDG_LAC,2010,94.21503
Latin America and the Caribbean (UN SDG),UNSDG_LAC,2011,94.49056
Latin America and the Caribbean (UN SDG),UNSDG_LAC,2012,94.75865
Latin America and the Caribbean (UN SDG),UNSDG_LAC,2013,95.01303
Latin America and the Caribbean (UN SDG),UNSDG_LAC,2014,95.26322
Latin America and the Caribbean (UN SDG),UNSDG_LAC,2015,95.50876
Latin America and the Caribbean (UN SDG),UNSDG_LAC,2016,95.745834
Latin America and the Caribbean (UN SDG),UNSDG_LAC,2017,95.80812
Latin America and the Caribbean (UN SDG),UNSDG_LAC,2018,96.10605
Latin America and the Caribbean (UN SDG),UNSDG_LAC,2019,96.35278
Latin America and the Caribbean (UN SDG),UNSDG_LAC,2020,96.62567
Latin America and the Caribbean (UN SDG),UNSDG_LAC,2021,96.91754
Latin America and the Caribbean (UN SDG),UNSDG_LAC,2022,97.12922
Latin America and the Caribbean (UN SDG),UNSDG_LAC,2023,97.35656
Latin America and the Caribbean (UN SDG),UNSDG_LAC,2024,97.51322
Latvia,LVA,2000,97.95743
Latvia,LVA,2001,97.95449
Latvia,LVA,2002,97.98752
Latvia,LVA,2003,98.0219
Latvia,LVA,2004,98.059715
Latvia,LVA,2005,98.09734
Latvia,LVA,2006,98.13207
Latvia,LVA,2007,98.1662
Latvia,LVA,2008,98.20048
Latvia,LVA,2009,98.23569
Latvia,LVA,2010,98.27171
Latvia,LVA,2011,98.3077
Latvia,LVA,2012,98.343636
Latvia,LVA,2013,98.37952
Latvia,LVA,2014,98.41534
Latvia,LVA,2015,98.45111
Latvia,LVA,2016,98.48698
Latvia,LVA,2017,98.52289
Latvia,LVA,2018,98.55882
Latvia,LVA,2019,98.59473
Latvia,LVA,2020,98.63058
Latvia,LVA,2021,98.66632
Latvia,LVA,2022,98.701935
Latvia,LVA,2023,98.73737
Latvia,LVA,2024,98.772606
Lebanon,LBN,2000,84.31718
Lebanon,LBN,2001,84.77524
Lebanon,LBN,2002,85.2333
Lebanon,LBN,2003,85.69135
Lebanon,LBN,2004,86.149414
Lebanon,LBN,2005,86.607475
Lebanon,LBN,2006,87.06553
Lebanon,LBN,2007,87.52359
Lebanon,LBN,2008,87.98165
Lebanon,LBN,2009,88.439705
Lebanon,LBN,2010,88.897766
Lebanon,LBN,2011,89.35583
Lebanon,LBN,2012,89.81388
Lebanon,LBN,2013,90.27194
Lebanon,LBN,2014,90.73
Lebanon,LBN,2015,91.18806
Lebanon,LBN,2016,91.64612
Lebanon,LBN,2017,92.10418
Lebanon,LBN,2018,92.465485
Lebanon,LBN,2019,92.6
Lebanon,LBN,2020,92.6
Lebanon,LBN,2021,92.6
Lebanon,LBN,2022,92.6
Lebanon,LBN,2023,92.6
Lebanon,LBN,2024,92.6
Lesotho,LSO,2000,64.40585
Lesotho,LSO,2001,64.960815
Lesotho,LSO,2002,65.520195
Lesotho,LSO,2003,66.083824
Lesotho,LSO,2004,66.65221
Lesotho,LSO,2005,67.22455
Lesotho,LSO,2006,67.801544
Lesotho,LSO,2007,68.362175
Lesotho,LSO,2008,68.926674
Lesotho,LSO,2009,69.49442
Lesotho,LSO,2010,70.066124
Lesotho,LSO,2011,70.64161
Lesotho,LSO,2012,71.19314
Lesotho,LSO,2013,71.747284
Lesotho,LSO,2014,72.30429
Lesotho,LSO,2015,72.86443
Lesotho,LSO,2016,73.42728
Lesotho,LSO,2017,73.99309
Lesotho,LSO,2018,74.563286
Lesotho,LSO,2019,75.137695
Lesotho,LSO,2020,75.71684
Lesotho,LSO,2021,76.300316
Lesotho,LSO,2022,76.88866
Lesotho,LSO,2023,77.48145
Lesotho,LSO,2024,78.078995
Liberia,LBR,2000,61.027843
Liberia,LBR,2001,61.919704
Liberia,LBR,2002,62.807823
Liberia,LBR,2003,63.69158
Liberia,LBR,2004,64.57127
Liberia,LBR,2005,65.4466
Liberia,LBR,2006,66.20321
Liberia,LBR,2007,66.95271
Liberia,LBR,2008,67.69488
Liberia,LBR,2009,68.43246
Liberia,LBR,2010,69.16527
Liberia,LBR,2011,69.89337
Liberia,LBR,2012,70.61615
Liberia,LBR,2013,71.333885
Liberia,LBR,2014,72.045975
Liberia,LBR,2015,72.75249
Liberia,LBR,2016,73.453255
Liberia,LBR,2017,74.14774
Liberia,LBR,2018,74.83621
Liberia,LBR,2019,75.518326
Liberia,LBR,2020,76.193954
Liberia,LBR,2021,76.862976
Liberia,LBR,2022,77.52492
Liberia,LBR,2023,78.180016
Liberia,LBR,2024,78.827835
Libya,LBY,2008,93.07925
Libya,LBY,2009,93.07925
Libya,LBY,2010,93.07925
Libya,LBY,2011,93.07925
Libya,LBY,2012,93.07925
Libya,LBY,2013,93.35219
Libya,LBY,2014,93.62513
Libya,LBY,2015,93.89807
Libya,LBY,2016,94.17101
Libya,LBY,2017,94.443954
Libya,LBY,2018,94.716896
Libya,LBY,2019,94.98984
Libya,LBY,2020,95.26278
Libya,LBY,2021,95.53572
Libya,LBY,2022,95.80866
Libya,LBY,2023,96.081604
Libya,LBY,2024,96.354546
Liechtenstein,LIE,2000,100.0
Liechtenstein,LIE,2001,100.0
Liechtenstein,LIE,2002,100.0
Liechtenstein,LIE,2003,100.0
Liechtenstein,LIE,2004,100.0
Liechtenstein,LIE,2005,100.0
Liechtenstein,LIE,2006,100.0
Liechtenstein,LIE,2007,100.0
Liechtenstein,LIE,2008,100.0
Liechtenstein,LIE,2009,100.0
Liechtenstein,LIE,2010,100.0
Liechtenstein,LIE,2011,100.0
Liechtenstein,LIE,2012,100.0
Liechtenstein,LIE,2013,100.0
Liechtenstein,LIE,2014,100.0
Liechtenstein,LIE,2015,100.0
Liechtenstein,LIE,2016,100.0
Liechtenstein,LIE,2017,100.0
Liechtenstein,LIE,2018,100.0
Liechtenstein,LIE,2019,100.0
Liechtenstein,LIE,2020,100.0
Liechtenstein,LIE,2021,100.0
Liechtenstein,LIE,2022,100.0
Liechtenstein,LIE,2023,100.0
Liechtenstein,LIE,2024,100.0
Lithuania,LTU,2000,89.64572
Lithuania,LTU,2001,90.09776
Lithuania,LTU,2002,90.54624
Lithuania,LTU,2003,90.99636
Lithuania,LTU,2004,91.44812
Lithuania,LTU,2005,91.91519
Lithuania,LTU,2006,92.39575
Lithuania,LTU,2007,92.875046
Lithuania,LTU,2008,93.35306
Lithuania,LTU,2009,93.81939
Lithuania,LTU,2010,94.275856
Lithuania,LTU,2011,94.74194
Lithuania,LTU,2012,95.22336
Lithuania,LTU,2013,95.70245
Lithuania,LTU,2014,96.17936
Lithuania,LTU,2015,96.654076
Lithuania,LTU,2016,97.12761
Lithuania,LTU,2017,97.59958
Lithuania,LTU,2018,98.069565
Lithuania,LTU,2019,98.53721
Lithuania,LTU,2020,98.89222
Lithuania,LTU,2021,99.238304
Lithuania,LTU,2022,99.58022
Lithuania,LTU,2023,99.917564
Lithuania,LTU,2024,99.918205
Low-income countries,OWID_LIC,2000,41.64589
Low-income countries,OWID_LIC,2001,42.192535
Low-income countries,OWID_LIC,2002,42.836525
Low-income countries,OWID_LIC,2003,43.52593
Low-income countries,OWID_LIC,2004,44.238613
Low-income countries,OWID_LIC,2005,45.054607
Low-income countries,OWID_LIC,2006,45.912838
Low-income countries,OWID_LIC,2007,46.78476
Low-income countries,OWID_LIC,2008,47.68495
Low-income countries,OWID_LIC,2009,48.548717
Low-income countries,OWID_LIC,2010,49.431503
Low-income countries,OWID_LIC,2011,50.113583
Low-income countries,OWID_LIC,2012,50.920444
Low-income countries,OWID_LIC,2013,51.66175
Low-income countries,OWID_LIC,2014,52.40822
Low-income countries,OWID_LIC,2015,53.214188
Low-income countries,OWID_LIC,2016,54.064194
Low-income countries,OWID_LIC,2017,54.951912
Low-income countries,OWID_LIC,2018,55.86058
Low-income countries,OWID_LIC,2019,56.791492
Low-income countries,OWID_LIC,2020,57.730392
Low-income countries,OWID_LIC,2021,58.65663
Low-income countries,OWID_LIC,2022,59.581684
Low-income countries,OWID_LIC,2023,60.557255
Low-income countries,OWID_LIC,2024,61.635868
Lower-middle-income countries,OWID_LMC,2000,76.10489
Lower-middle-income countries,OWID_LMC,2001,76.68243
Lower-middle-income countries,OWID_LMC,2002,77.328384
Lower-middle-income countries,OWID_LMC,2003,77.98871
Lower-middle-income countries,OWID_LMC,2004,78.648994
Lower-middle-income countries,OWID_LMC,2005,79.27138
Lower-middle-income countries,OWID_LMC,2006,79.926216
Lower-middle-income countries,OWID_LMC,2007,80.581825
Lower-middle-income countries,OWID_LMC,2008,81.23537
Lower-middle-income countries,OWID_LMC,2009,81.8875
Lower-middle-income countries,OWID_LMC,2010,82.53816
Lower-middle-income countries,OWID_LMC,2011,83.18872
Lower-middle-income countries,OWID_LMC,2012,83.838066
Lower-middle-income countries,OWID_LMC,2013,84.48892
Lower-middle-income countries,OWID_LMC,2014,85.140144
Lower-middle-income countries,OWID_LMC,2015,85.78742
Lower-middle-income countries,OWID_LMC,2016,86.43173
Lower-middle-income countries,OWID_LMC,2017,87.07537
Lower-middle-income countries,OWID_LMC,2018,87.73043
Lower-middle-income countries,OWID_LMC,2019,88.37009
Lower-middle-income countries,OWID_LMC,2020,89.00257
Lower-middle-income countries,OWID_LMC,2021,89.62546
Lower-middle-income countries,OWID_LMC,2022,90.16315
Lower-middle-income countries,OWID_LMC,2023,90.738266
Lower-middle-income countries,OWID_LMC,2024,91.27286
Luxembourg,LUX,2000,100.0
Luxembourg,LUX,2001,100.0
Luxembourg,LUX,2002,100.0
Luxembourg,LUX,2003,99.99999
Luxembourg,LUX,2004,100.0
Luxembourg,LUX,2005,100.0
Luxembourg,LUX,2006,100.0
Luxembourg,LUX,2007,100.0
Luxembourg,LUX,2008,100.0
Luxembourg,LUX,2009,100.0
Luxembourg,LUX,2010,100.0
Luxembourg,LUX,2011,100.0
Luxembourg,LUX,2012,100.0
Luxembourg,LUX,2013,100.0
Luxembourg,LUX,2014,100.0
Luxembourg,LUX,2015,100.0
Luxembourg,LUX,2016,100.0
Luxembourg,LUX,2017,100.0
Luxembourg,LUX,2018,99.99999
Luxembourg,LUX,2019,100.0
Luxembourg,LUX,2020,100.0
Luxembourg,LUX,2021,100.0
Luxembourg,LUX,2022,100.0
Luxembourg,LUX,2023,100.0
Luxembourg,LUX,2024,100.0
Macao,MAC,2000,100.0
Macao,MAC,2001,100.0
Macao,MAC,2002,100.0
Macao,MAC,2003,100.0
Macao,MAC,2004,100.0
Macao,MAC,2005,100.0
Macao,MAC,2006,100.0
Macao,MAC,2007,100.0
Macao,MAC,2008,100.0
Macao,MAC,2009,100.0
Macao,MAC,2010,100.0
Macao,MAC,2011,100.0
Macao,MAC,2012,100.0
Macao,MAC,2013,100.0
Macao,MAC,2014,100.0
Macao,MAC,2015,100.0
Macao,MAC,2016,100.0
Macao,MAC,2017,100.0
Macao,MAC,2018,100.0
Macao,MAC,2019,100.0
Macao,MAC,2020,100.0
Macao,MAC,2021,100.0
Macao,MAC,2022,100.0
Macao,MAC,2023,100.0
Macao,MAC,2024,100.0
Madagascar,MDG,2000,36.442757
Madagascar,MDG,2001,37.13655
Madagascar,MDG,2002,37.828545
Madagascar,MDG,2003,38.518227
Madagascar,MDG,2004,39.20603
Madagascar,MDG,2005,40.04291
Madagascar,MDG,2006,40.878117
Madagascar,MDG,2007,41.71105
Madagascar,MDG,2008,42.54249
Madagascar,MDG,2009,43.370052
Madagascar,MDG,2010,44.194534
Madagascar,MDG,2011,45.01538
Madagascar,MDG,2012,45.832485
Madagascar,MDG,2013,46.64531
Madagascar,MDG,2014,47.454193
Madagascar,MDG,2015,48.258175
Madagascar,MDG,2016,49.05759
Madagascar,MDG,2017,49.85194
Madagascar,MDG,2018,50.641125
Madagascar,MDG,2019,51.424255
Madagascar,MDG,2020,52.202076
Madagascar,MDG,2021,52.973297
Madagascar,MDG,2022,53.73867
Madagascar,MDG,2023,54.496944
Madagascar,MDG,2024,55.338963
Malawi,MWI,2000,54.130825
Malawi,MWI,2001,54.934772
Malawi,MWI,2002,55.7358
Malawi,MWI,2003,56.534264
Malawi,MWI,2004,57.3298
Malawi,MWI,2005,58.12274
Malawi,MWI,2006,58.912743
Malawi,MWI,2007,59.70012
Malawi,MWI,2008,60.48455
Malawi,MWI,2009,61.269524
Malawi,MWI,2010,62.054718
Malawi,MWI,2011,62.84009
Malawi,MWI,2012,63.625042
Malawi,MWI,2013,64.40977
Malawi,MWI,2014,65.19339
Malawi,MWI,2015,65.97633
Malawi,MWI,2016,66.75751
Malawi,MWI,2017,67.53726
Malawi,MWI,2018,68.315216
Malawi,MWI,2019,69.09077
Malawi,MWI,2020,69.863945
Malawi,MWI,2021,70.63416
Malawi,MWI,2022,71.40138
Malawi,MWI,2023,72.22855
Malawi,MWI,2024,73.05357
Malaysia,MYS,2000,96.10582
Malaysia,MYS,2001,96.213524
Malaysia,MYS,2002,96.31856
Malaysia,MYS,2003,96.42101
Malaysia,MYS,2004,96.52093
Malaysia,MYS,2005,96.61811
Malaysia,MYS,2006,96.712776
Malaysia,MYS,2007,96.8049
Malaysia,MYS,2008,96.89452
Malaysia,MYS,2009,96.98153
Malaysia,MYS,2010,97.06607
Malaysia,MYS,2011,97.14202
Malaysia,MYS,2012,97.215
Malaysia,MYS,2013,97.28604
Malaysia,MYS,2014,97.355316
Malaysia,MYS,2015,97.422714
Malaysia,MYS,2016,97.48836
Malaysia,MYS,2017,97.55183
Malaysia,MYS,2018,97.61324
Malaysia,MYS,2019,97.672676
Malaysia,MYS,2020,97.730194
Malaysia,MYS,2021,97.78587
Malaysia,MYS,2022,97.83975
Malaysia,MYS,2023,97.89194
Malaysia,MYS,2024,97.94247
Maldives,MDV,2000,93.97544
Maldives,MDV,2001,94.32992
Maldives,MDV,2002,94.678505
Maldives,MDV,2003,95.02078
Maldives,MDV,2004,95.35655
Maldives,MDV,2005,95.68532
Maldives,MDV,2006,95.99909
Maldives,MDV,2007,96.287415
Maldives,MDV,2008,96.59121
Maldives,MDV,2009,96.892494
Maldives,MDV,2010,97.19127
Maldives,MDV,2011,97.487526
Maldives,MDV,2012,97.78124
Maldives,MDV,2013,98.07237
Maldives,MDV,2014,98.360916
Maldives,MDV,2015,98.64686
Maldives,MDV,2016,98.93016
Maldives,MDV,2017,99.21082
Maldives,MDV,2018,99.48388
Maldives,MDV,2019,99.623146
Maldives,MDV,2020,99.648994
Maldives,MDV,2021,99.675446
Maldives,MDV,2022,99.70251
Maldives,MDV,2023,99.73019
Maldives,MDV,2024,99.75848
Mali,MLI,2000,49.407425
Mali,MLI,2001,51.004353
Mali,MLI,2002,52.665287
Mali,MLI,2003,54.320118
Mali,MLI,2004,55.969055
Mali,MLI,2005,57.609673
Mali,MLI,2006,59.24328
Mali,MLI,2007,60.867893
Mali,MLI,2008,62.48401
Mali,MLI,2009,64.08943
Mali,MLI,2010,65.6825
Mali,MLI,2011,67.26265
Mali,MLI,2012,68.82932
Mali,MLI,2013,70.38203
Mali,MLI,2014,71.92057
Mali,MLI,2015,73.44428
Mali,MLI,2016,74.95305
Mali,MLI,2017,76.446754
Mali,MLI,2018,77.92487
Mali,MLI,2019,79.38758
Mali,MLI,2020,80.834236
Mali,MLI,2021,82.26525
Mali,MLI,2022,83.68012
Mali,MLI,2023,85.07893
Mali,MLI,2024,86.36336
Malta,MLT,2000,100.0
Malta,MLT,2001,100.0
Malta,MLT,2002,100.0
Malta,MLT,2003,100.0
Malta,MLT,2004,100.0
Malta,MLT,2005,100.0
Malta,MLT,2006,100.0
Malta,MLT,2007,100.0
Malta,MLT,2008,100.0
Malta,MLT,2009,100.0
Malta,MLT,2010,100.0
Malta,MLT,2011,100.0
Malta,MLT,2012,100.0
Malta,MLT,2013,100.0
Malta,MLT,2014,100.0
Malta,MLT,2015,100.0
Malta,MLT,2016,100.0
Malta,MLT,2017,100.0
Malta,MLT,2018,100.0
Malta,MLT,2019,100.0
Malta,MLT,2020,100.0
Malta,MLT,2021,100.0
Malta,MLT,2022,100.0
Malta,MLT,2023,100.0
Malta,MLT,2024,100.0
Marshall Islands,MHL,2000,88.778564
Marshall Islands,MHL,2001,88.736115
Marshall Islands,MHL,2002,88.693985
Marshall Islands,MHL,2003,88.65226
Marshall Islands,MHL,2004,88.61095
Marshall Islands,MHL,2005,88.54552
Marshall Islands,MHL,2006,88.4804
Marshall Islands,MHL,2007,88.41578
Marshall Islands,MHL,2008,88.35148
Marshall Islands,MHL,2009,88.28776
Marshall Islands,MHL,2010,88.224434
Marshall Islands,MHL,2011,88.16152
Marshall Islands,MHL,2012,88.09943
Marshall Islands,MHL,2013,88.03831
Marshall Islands,MHL,2014,87.978004
Marshall Islands,MHL,2015,87.91859
Marshall Islands,MHL,2016,87.85999
Marshall Islands,MHL,2017,87.8023
Marshall Islands,MHL,2018,87.74533
Marshall Islands,MHL,2019,87.68926
Marshall Islands,MHL,2020,87.63393
Marshall Islands,MHL,2021,87.57932
Marshall Islands,MHL,2022,87.525536
Marshall Islands,MHL,2023,87.472565
Marshall Islands,MHL,2024,87.444855
Martinique,MTQ,2000,99.818924
Martinique,MTQ,2001,99.818924
Martinique,MTQ,2002,99.818924
Martinique,MTQ,2003,99.818924
Martinique,MTQ,2004,99.818924
Martinique,MTQ,2005,99.818924
Martinique,MTQ,2006,99.806984
Martinique,MTQ,2007,99.795044
Martinique,MTQ,2008,99.783104
Martinique,MTQ,2009,99.771164
Martinique,MTQ,2010,99.759224
Martinique,MTQ,2011,99.747284
Martinique,MTQ,2012,99.735344
Martinique,MTQ,2013,99.723404
Martinique,MTQ,2014,99.711464
Martinique,MTQ,2015,99.699524
Martinique,MTQ,2016,99.68758
Martinique,MTQ,2017,99.67564
Martinique,MTQ,2018,99.6637
Martinique,MTQ,2019,99.65176
Martinique,MTQ,2020,99.63982
Martinique,MTQ,2021,99.62788
Martinique,MTQ,2022,99.61594
Martinique,MTQ,2023,99.604
Martinique,MTQ,2024,99.604
Mauritania,MRT,2000,41.41342
Mauritania,MRT,2001,42.328026
Mauritania,MRT,2002,43.82345
Mauritania,MRT,2003,45.32826
Mauritania,MRT,2004,46.842175
Mauritania,MRT,2005,48.36375
Mauritania,MRT,2006,49.893093
Mauritania,MRT,2007,51.429905
Mauritania,MRT,2008,52.974277
Mauritania,MRT,2009,54.523674
Mauritania,MRT,2010,56.079315
Mauritania,MRT,2011,57.640537
Mauritania,MRT,2012,59.206707
Mauritania,MRT,2013,60.776455
Mauritania,MRT,2014,62.346672
Mauritania,MRT,2015,63.91647
Mauritania,MRT,2016,65.48501
Mauritania,MRT,2017,67.05285
Mauritania,MRT,2018,68.61882
Mauritania,MRT,2019,70.183174
Mauritania,MRT,2020,71.74513
Mauritania,MRT,2021,73.304955
Mauritania,MRT,2022,74.8619
Mauritania,MRT,2023,76.416595
Mauritania,MRT,2024,77.28465
Mauritius,MUS,2000,99.35767
Mauritius,MUS,2001,99.380714
Mauritius,MUS,2002,99.4038
Mauritius,MUS,2003,99.42695
Mauritius,MUS,2004,99.45014
Mauritius,MUS,2005,99.4734
Mauritius,MUS,2006,99.496704
Mauritius,MUS,2007,99.52007
Mauritius,MUS,2008,99.54349
Mauritius,MUS,2009,99.56696
Mauritius,MUS,2010,99.590485
Mauritius,MUS,2011,99.614075
Mauritius,MUS,2012,99.6377
Mauritius,MUS,2013,99.6614
Mauritius,MUS,2014,99.68514
Mauritius,MUS,2015,99.70895
Mauritius,MUS,2016,99.732864
Mauritius,MUS,2017,99.75689
Mauritius,MUS,2018,99.781006
Mauritius,MUS,2019,99.8052
Mauritius,MUS,2020,99.82945
Mauritius,MUS,2021,99.853745
Mauritius,MUS,2022,99.87807
Mauritius,MUS,2023,99.90241
Mauritius,MUS,2024,99.926544
Mayotte,MYT,2006,97.421104
Mayotte,MYT,2007,97.421104
Mayotte,MYT,2008,97.421104
Mayotte,MYT,2009,97.12848
Mayotte,MYT,2010,97.12848
Mayotte,MYT,2011,97.12514
Mayotte,MYT,2012,97.12179
Mayotte,MYT,2013,97.07113
Mayotte,MYT,2014,96.95447
Mayotte,MYT,2015,96.837814
Mayotte,MYT,2016,96.72115
Mayotte,MYT,2017,96.60449
Mayotte,MYT,2018,96.48784
Mayotte,MYT,2019,96.37118
Mayotte,MYT,2020,96.37118
Mayotte,MYT,2021,96.37118
Mayotte,MYT,2022,96.37118
Mayotte,MYT,2023,96.37118
Mexico,MEX,2000,91.56233
Mexico,MEX,2001,92.04475
Mexico,MEX,2002,92.52266
Mexico,MEX,2003,92.99606
Mexico,MEX,2004,93.46513
Mexico,MEX,2005,93.92957
Mexico,MEX,2006,94.38955
Mexico,MEX,2007,94.84496
Mexico,MEX,2008,95.27918
Mexico,MEX,2009,95.58505
Mexico,MEX,2010,95.8875
Mexico,MEX,2011,96.18696
Mexico,MEX,2012,96.48315
Mexico,MEX,2013,96.77626
Mexico,MEX,2014,97.066315
Mexico,MEX,2015,97.35314
Mexico,MEX,2016,97.63691
Mexico,MEX,2017,97.9175
Mexico,MEX,2018,98.19501
Mexico,MEX,2019,98.46944
Mexico,MEX,2020,98.74081
Mexico,MEX,2021,99.009094
Mexico,MEX,2022,99.273796
Mexico,MEX,2023,99.40952
Mexico,MEX,2024,99.54137
Micronesia (country),FSM,2000,91.79209
Micronesia (country),FSM,2001,91.67271
Micronesia (country),FSM,2002,91.55333
Micronesia (country),FSM,2003,91.433945
Micronesia (country),FSM,2004,91.31456
Micronesia (country),FSM,2005,91.195175
Micronesia (country),FSM,2006,91.07579
Micronesia (country),FSM,2007,90.956406
Micronesia (country),FSM,2008,90.83702
Micronesia (country),FSM,2009,90.71764
Micronesia (country),FSM,2010,90.59826
Micronesia (country),FSM,2011,90.478874
Micronesia (country),FSM,2012,90.35949
Micronesia (country),FSM,2013,90.240105
Micronesia (country),FSM,2014,90.12072
Micronesia (country),FSM,2015,90.001335
Micronesia (country),FSM,2016,89.88195
Micronesia (country),FSM,2017,89.88195
Micronesia (country),FSM,2018,89.88195
Micronesia (country),FSM,2019,89.88195
Micronesia (country),FSM,2020,89.88195
Moldova,MDA,2000,83.00022
Moldova,MDA,2001,83.323494
Moldova,MDA,2002,83.651245
Moldova,MDA,2003,83.98348
Moldova,MDA,2004,84.32042
Moldova,MDA,2005,84.69709
Moldova,MDA,2006,85.11053
Moldova,MDA,2007,85.52447
Moldova,MDA,2008,85.93891
Moldova,MDA,2009,86.35385
Moldova,MDA,2010,86.7693
Moldova,MDA,2011,87.18525
Moldova,MDA,2012,87.60171
Moldova,MDA,2013,88.01867
Moldova,MDA,2014,88.436134
Moldova,MDA,2015,88.85235
Moldova,MDA,2016,89.27221
Moldova,MDA,2017,89.69503
Moldova,MDA,2018,90.120575
Moldova,MDA,2019,90.54832
Moldova,MDA,2020,90.978
Moldova,MDA,2021,91.4092
Moldova,MDA,2022,91.84156
Moldova,MDA,2023,92.27456
Moldova,MDA,2024,92.70792
Monaco,MCO,2000,100.0
Monaco,MCO,2001,100.0
Monaco,MCO,2002,100.0
Monaco,MCO,2003,100.0
Monaco,MCO,2004,100.0
Monaco,MCO,2005,100.0
Monaco,MCO,2006,100.0
Monaco,MCO,2007,100.0
Monaco,MCO,2008,100.0
Monaco,MCO,2009,100.0
Monaco,MCO,2010,100.0
Monaco,MCO,2011,100.0
Monaco,MCO,2012,100.0
Monaco,MCO,2013,100.0
Monaco,MCO,2014,100.0
Monaco,MCO,2015,100.0
Monaco,MCO,2016,100.0
Monaco,MCO,2017,100.0
Monaco,MCO,2018,100.0
Monaco,MCO,2019,100.0
Monaco,MCO,2020,100.0
Monaco,MCO,2021,100.0
Monaco,MCO,2022,100.0
Monaco,MCO,2023,100.0
Monaco,MCO,2024,100.0
Mongolia,MNG,2000,62.41533
Mongolia,MNG,2001,63.82369
Mongolia,MNG,2002,65.209694
Mongolia,MNG,2003,66.57278
Mongolia,MNG,2004,67.91238
Mongolia,MNG,2005,69.22586
Mongolia,MNG,2006,70.51554
Mongolia,MNG,2007,71.780464
Mongolia,MNG,2008,73.02079
Mongolia,MNG,2009,74.233696
Mongolia,MNG,2010,75.42246
Mongolia,MNG,2011,76.31297
Mongolia,MNG,2012,77.04563
Mongolia,MNG,2013,77.77982
Mongolia,MNG,2014,78.5151
Mongolia,MNG,2015,79.25231
Mongolia,MNG,2016,79.99103
Mongolia,MNG,2017,80.7308
Mongolia,MNG,2018,81.478386
Mongolia,MNG,2019,82.23322
Mongolia,MNG,2020,82.994736
Mongolia,MNG,2021,83.76163
Mongolia,MNG,2022,84.53443
Mongolia,MNG,2023,85.311516
Mongolia,MNG,2024,86.09266
Montenegro,MNE,2006,95.17714
Montenegro,MNE,2007,95.46031
Montenegro,MNE,2008,95.74321
Montenegro,MNE,2009,96.02579
Montenegro,MNE,2010,96.30807
Montenegro,MNE,2011,96.59009
Montenegro,MNE,2012,96.87183
Montenegro,MNE,2013,97.15331
Montenegro,MNE,2014,97.43453
Montenegro,MNE,2015,97.71548
Montenegro,MNE,2016,97.9838
Montenegro,MNE,2017,98.22817
Montenegro,MNE,2018,98.87892
Montenegro,MNE,2019,99.08157
Montenegro,MNE,2020,99.28397
Montenegro,MNE,2021,99.28301
Montenegro,MNE,2022,99.28206
Montenegro,MNE,2023,99.2811
Montenegro,MNE,2024,99.280136
Montserrat,MSR,2000,98.0924
Montserrat,MSR,2001,98.09075
Montserrat,MSR,2002,98.0891
Montserrat,MSR,2003,98.087456
Montserrat,MSR,2004,98.08581
Montserrat,MSR,2005,98.08416
Montserrat,MSR,2006,98.08251
Montserrat,MSR,2007,98.08086
Montserrat,MSR,2008,98.07921
Montserrat,MSR,2009,98.07756
Montserrat,MSR,2010,98.07591
Montserrat,MSR,2011,98.074265
Montserrat,MSR,2012,98.07262
Montserrat,MSR,2013,98.07097
Montserrat,MSR,2014,98.06932
Montserrat,MSR,2015,98.06767
Montserrat,MSR,2016,98.06602
Montserrat,MSR,2017,98.06437
Montserrat,MSR,2018,98.06272
Montserrat,MSR,2019,98.06107
Montserrat,MSR,2020,98.059425
Montserrat,MSR,2021,98.059425
Montserrat,MSR,2022,98.059425
Montserrat,MSR,2023,98.059425
Montserrat,MSR,2024,98.059425
Morocco,MAR,2000,62.144
Morocco,MAR,2001,63.457108
Morocco,MAR,2002,64.763954
Morocco,MAR,2003,66.06315
Morocco,MAR,2004,67.35523
Morocco,MAR,2005,68.7555
Morocco,MAR,2006,70.163475
Morocco,MAR,2007,71.553734
Morocco,MAR,2008,72.925606
Morocco,MAR,2009,74.27852
Morocco,MAR,2010,75.61386
Morocco,MAR,2011,76.930084
Morocco,MAR,2012,78.227585
Morocco,MAR,2013,79.50588
Morocco,MAR,2014,80.76534
Morocco,MAR,2015,82.00552
Morocco,MAR,2016,83.22677
Morocco,MAR,2017,84.42866
Morocco,MAR,2018,85.6112
Morocco,MAR,2019,86.7741
Morocco,MAR,2020,87.91768
Morocco,MAR,2021,89.04146
Morocco,MAR,2022,90.14621
Morocco,MAR,2023,91.2311
Morocco,MAR,2024,92.21203
Mozambique,MOZ,2000,23.441042
Mozambique,MOZ,2001,24.448298
Mozambique,MOZ,2002,25.892056
Mozambique,MOZ,2003,27.363707
Mozambique,MOZ,2004,28.863594
Mozambique,MOZ,2005,30.39102
Mozambique,MOZ,2006,31.94683
Mozambique,MOZ,2007,33.529316
Mozambique,MOZ,2008,35.28152
Mozambique,MOZ,2009,37.07133
Mozambique,MOZ,2010,38.887085
Mozambique,MOZ,2011,40.727234
Mozambique,MOZ,2012,42.591232
Mozambique,MOZ,2013,44.47851
Mozambique,MOZ,2014,46.388504
Mozambique,MOZ,2015,48.32064
Mozambique,MOZ,2016,50.27433
Mozambique,MOZ,2017,52.248543
Mozambique,MOZ,2018,54.243137
Mozambique,MOZ,2019,56.258774
Mozambique,MOZ,2020,58.294346
Mozambique,MOZ,2021,60.349987
Mozambique,MOZ,2022,62.423756
Mozambique,MOZ,2023,64.51576
Mozambique,MOZ,2024,66.625244
Myanmar,MMR,2000,47.01436
Myanmar,MMR,2001,48.6071
Myanmar,MMR,2002,50.22574
Myanmar,MMR,2003,51.870426
Myanmar,MMR,2004,53.541016
Myanmar,MMR,2005,55.23737
Myanmar,MMR,2006,56.95906
Myanmar,MMR,2007,58.706234
Myanmar,MMR,2008,60.478733
Myanmar,MMR,2009,62.276146
Myanmar,MMR,2010,64.098854
Myanmar,MMR,2011,65.94619
Myanmar,MMR,2012,67.81825
Myanmar,MMR,2013,69.71466
Myanmar,MMR,2014,71.635735
Myanmar,MMR,2015,73.58403
Myanmar,MMR,2016,75.55927
Myanmar,MMR,2017,77.560936
Myanmar,MMR,2018,79.58865
Myanmar,MMR,2019,81.64163
Myanmar,MMR,2020,83.69546
Myanmar,MMR,2021,85.53104
Myanmar,MMR,2022,85.580376
Myanmar,MMR,2023,85.63246
Myanmar,MMR,2024,85.68714
Namibia,NAM,2000,76.236244
Namibia,NAM,2001,76.60734
Namibia,NAM,2002,77.08108
Namibia,NAM,2003,77.56987
Namibia,NAM,2004,78.05411
Namibia,NAM,2005,78.53209
Namibia,NAM,2006,79.0046
Namibia,NAM,2007,79.47089
Namibia,NAM,2008,79.931114
Namibia,NAM,2009,80.38344
Namibia,NAM,2010,80.82945
Namibia,NAM,2011,81.267654
Namibia,NAM,2012,81.705734
Namibia,NAM,2013,82.13585
Namibia,NAM,2014,82.5579
Namibia,NAM,2015,82.97104
Namibia,NAM,2016,83.37098
Namibia,NAM,2017,83.75692
Namibia,NAM,2018,84.129105
Namibia,NAM,2019,84.5549
Namibia,NAM,2020,84.96892
Namibia,NAM,2021,85.37136
Namibia,NAM,2022,85.76199
Namibia,NAM,2023,86.141045
Namibia,NAM,2024,86.508736
Nauru,NRU,2000,98.3154
Nauru,NRU,2001,98.31872
Nauru,NRU,2002,98.32204
Nauru,NRU,2003,98.325356
Nauru,NRU,2004,98.32867
Nauru,NRU,2005,98.331985
Nauru,NRU,2006,98.335304
Nauru,NRU,2007,98.33862
Nauru,NRU,2008,98.30948
Nauru,NRU,2009,98.28034
Nauru,NRU,2010,98.2512
Nauru,NRU,2011,98.22205
Nauru,NRU,2012,98.1929
Nauru,NRU,2013,98.16376
Nauru,NRU,2014,98.134605
Nauru,NRU,2015,98.105446
Nauru,NRU,2016,98.076294
Nauru,NRU,2017,98.047134
Nauru,NRU,2018,98.017975
Nauru,NRU,2019,97.98881
Nauru,NRU,2020,97.95965
Nauru,NRU,2021,97.93048
Nauru,NRU,2022,97.901306
Nauru,NRU,2023,97.87214
Nauru,NRU,2024,97.842964
Nepal,NPL,2000,79.488396
Nepal,NPL,2001,80.16709
Nepal,NPL,2002,80.80652
Nepal,NPL,2003,81.44169
Nepal,NPL,2004,82.07251
Nepal,NPL,2005,82.698906
Nepal,NPL,2006,83.32079
Nepal,NPL,2007,83.93816
Nepal,NPL,2008,84.550835
Nepal,NPL,2009,85.15873
Nepal,NPL,2010,85.76176
Nepal,NPL,2011,86.3599
Nepal,NPL,2012,86.953285
Nepal,NPL,2013,87.54158
Nepal,NPL,2014,88.12481
Nepal,NPL,2015,88.7027
Nepal,NPL,2016,89.27519
Nepal,NPL,2017,89.84209
Nepal,NPL,2018,90.40324
Nepal,NPL,2019,90.958466
Nepal,NPL,2020,91.50762
Nepal,NPL,2021,92.05053
Nepal,NPL,2022,92.587036
Nepal,NPL,2023,93.11697
Nepal,NPL,2024,93.64012
Netherlands,NLD,2000,100.0
Netherlands,NLD,2001,100.0
Netherlands,NLD,2002,100.0
Netherlands,NLD,2003,100.0
Netherlands,NLD,2004,100.0
Netherlands,NLD,2005,100.0
Netherlands,NLD,2006,100.0
Netherlands,NLD,2007,100.0
Netherlands,NLD,2008,100.0
Netherlands,NLD,2009,100.0
Netherlands,NLD,2010,100.0
Netherlands,NLD,2011,100.0
Netherlands,NLD,2012,100.0
Netherlands,NLD,2013,100.0
Netherlands,NLD,2014,100.0
Netherlands,NLD,2015,100.0
Netherlands,NLD,2016,100.0
Netherlands,NLD,2017,100.0
Netherlands,NLD,2018,100.0
Netherlands,NLD,2019,100.0
Netherlands,NLD,2020,100.0
Netherlands,NLD,2021,100.0
Netherlands,NLD,2022,100.0
Netherlands,NLD,2023,100.0
Netherlands,NLD,2024,100.0
New Caledonia,NCL,2000,95.10498
New Caledonia,NCL,2001,95.10498
New Caledonia,NCL,2002,95.10498
New Caledonia,NCL,2003,95.33833
New Caledonia,NCL,2004,95.57168
New Caledonia,NCL,2005,95.80503
New Caledonia,NCL,2006,96.03838
New Caledonia,NCL,2007,96.271736
New Caledonia,NCL,2008,96.50509
New Caledonia,NCL,2009,96.73844
New Caledonia,NCL,2010,96.971794
New Caledonia,NCL,2011,97.20515
New Caledonia,NCL,2012,97.4385
New Caledonia,NCL,2013,97.67185
New Caledonia,NCL,2014,97.905205
New Caledonia,NCL,2015,98.13856
New Caledonia,NCL,2016,98.37191
New Caledonia,NCL,2017,98.60526
New Caledonia,NCL,2018,98.838615
New Caledonia,NCL,2019,99.07197
New Caledonia,NCL,2020,99.30532
New Caledonia,NCL,2021,99.53867
New Caledonia,NCL,2022,99.53867
New Caledonia,NCL,2023,99.53867
New Caledonia,NCL,2024,99.53867
New Zealand,NZL,2000,100.0
New Zealand,NZL,2001,100.0
New Zealand,NZL,2002,100.0
New Zealand,NZL,2003,100.0
New Zealand,NZL,2004,100.0
New Zealand,NZL,2005,100.0
New Zealand,NZL,2006,100.0
New Zealand,NZL,2007,100.0
New Zealand,NZL,2008,100.0
New Zealand,NZL,2009,100.0
New Zealand,NZL,2010,100.0
New Zealand,NZL,2011,100.0
New Zealand,NZL,2012,100.0
New Zealand,NZL,2013,100.0
New Zealand,NZL,2014,100.0
New Zealand,NZL,2015,100.0
New Zealand,NZL,2016,100.0
New Zealand,NZL,2017,99.99999
New Zealand,NZL,2018,99.99999
New Zealand,NZL,2019,99.99999
New Zealand,NZL,2020,100.0
New Zealand,NZL,2021,99.99999
New Zealand,NZL,2022,100.0
New Zealand,NZL,2023,100.0
New Zealand,NZL,2024,100.0
Niger,NER,2000,36.547905
Niger,NER,2001,37.358814
Niger,NER,2002,38.111538
Niger,NER,2003,38.85821
Niger,NER,2004,39.598194
Niger,NER,2005,40.33089
Niger,NER,2006,41.057503
Niger,NER,2007,41.777424
Niger,NER,2008,42.49009
Niger,NER,2009,43.196632
Niger,NER,2010,43.89648
Niger,NER,2011,44.5891
Niger,NER,2012,45.275574
Niger,NER,2013,45.955345
Niger,NER,2014,46.636
Niger,NER,2015,47.318092
Niger,NER,2016,48.000134
Niger,NER,2017,48.682644
Niger,NER,2018,49.364204
Niger,NER,2019,50.045307
Niger,NER,2020,50.725468
Niger,NER,2021,51.403786
Niger,NER,2022,52.080677
Niger,NER,2023,52.755253
Niger,NER,2024,53.427467
Nigeria,NGA,2000,44.48031
Nigeria,NGA,2001,45.765457
Nigeria,NGA,2002,47.323673
Nigeria,NGA,2003,48.889877
Nigeria,NGA,2004,50.46356
Nigeria,NGA,2005,52.043858
Nigeria,NGA,2006,53.630997
Nigeria,NGA,2007,55.224834
Nigeria,NGA,2008,56.825226
Nigeria,NGA,2009,58.430664
Nigeria,NGA,2010,60.04206
Nigeria,NGA,2011,61.655266
Nigeria,NGA,2012,63.270264
Nigeria,NGA,2013,64.88638
Nigeria,NGA,2014,66.503624
Nigeria,NGA,2015,68.122
Nigeria,NGA,2016,69.74057
Nigeria,NGA,2017,71.359985
Nigeria,NGA,2018,72.97966
Nigeria,NGA,2019,74.59932
Nigeria,NGA,2020,76.21904
Nigeria,NGA,2021,77.838554
Nigeria,NGA,2022,79.45795
Nigeria,NGA,2023,81.07729
Nigeria,NGA,2024,82.24889
Niue,NIU,2000,99.357445
Niue,NIU,2001,99.357445
Niue,NIU,2002,99.357445
Niue,NIU,2003,99.357445
Niue,NIU,2004,99.357445
Niue,NIU,2005,99.295235
Niue,NIU,2006,99.233025
Niue,NIU,2007,99.17082
Niue,NIU,2008,99.10861
Niue,NIU,2009,99.0464
Niue,NIU,2010,98.98419
Niue,NIU,2011,98.92198
Niue,NIU,2012,98.85978
Niue,NIU,2013,98.79757
Niue,NIU,2014,98.73536
Niue,NIU,2015,98.67315
Niue,NIU,2016,98.61095
Niue,NIU,2017,98.54874
Niue,NIU,2018,98.48653
Niue,NIU,2019,98.42432
Niue,NIU,2020,98.362114
Niue,NIU,2021,98.299904
Niue,NIU,2022,98.23769
Niue,NIU,2023,98.17548
Niue,NIU,2024,98.11328
North Korea,PRK,2000,99.30293
North Korea,PRK,2001,99.30254
North Korea,PRK,2002,99.302155
North Korea,PRK,2003,99.30176
North Korea,PRK,2004,99.2395
North Korea,PRK,2005,98.86547
North Korea,PRK,2006,98.49234
North Korea,PRK,2007,98.1201
North Korea,PRK,2008,97.74876
North Korea,PRK,2009,97.38017
North Korea,PRK,2010,97.01419
North Korea,PRK,2011,96.6502
North Korea,PRK,2012,96.28832
North Korea,PRK,2013,95.928474
North Korea,PRK,2014,95.57068
North Korea,PRK,2015,95.21488
North Korea,PRK,2016,94.8621
North Korea,PRK,2017,94.51245
North Korea,PRK,2018,94.16624
North Korea,PRK,2019,93.823685
North Korea,PRK,2020,93.84384
North Korea,PRK,2021,93.865135
North Korea,PRK,2022,93.887505
North Korea,PRK,2023,93.91092
North Macedonia,MKD,2000,96.76133
North Macedonia,MKD,2001,96.764984
North Macedonia,MKD,2002,96.76864
North Macedonia,MKD,2003,96.772285
North Macedonia,MKD,2004,96.77596
North Macedonia,MKD,2005,96.85864
North Macedonia,MKD,2006,96.940414
North Macedonia,MKD,2007,97.02137
North Macedonia,MKD,2008,97.10164
North Macedonia,MKD,2009,97.1813
North Macedonia,MKD,2010,97.260475
North Macedonia,MKD,2011,97.33928
North Macedonia,MKD,2012,97.417816
North Macedonia,MKD,2013,97.49619
North Macedonia,MKD,2014,97.574524
North Macedonia,MKD,2015,97.65292
North Macedonia,MKD,2016,97.7315
North Macedonia,MKD,2017,97.81036
North Macedonia,MKD,2018,97.88962
North Macedonia,MKD,2019,97.969376
North Macedonia,MKD,2020,98.04975
North Macedonia,MKD,2021,98.13085
North Macedonia,MKD,2022,98.15896
North Macedonia,MKD,2023,98.18668
North Macedonia,MKD,2024,98.18733
Northern Africa and Western Asia (UN SDG),UNSDG_NAWA,2000,83.76635
Northern Africa and Western Asia (UN SDG),UNSDG_NAWA,2001,83.99591
Northern Africa and Western Asia (UN SDG),UNSDG_NAWA,2002,84.246796
Northern Africa and Western Asia (UN SDG),UNSDG_NAWA,2003,84.544495
Northern Africa and Western Asia (UN SDG),UNSDG_NAWA,2004,84.83968
Northern Africa and Western Asia (UN SDG),UNSDG_NAWA,2005,85.23867
Northern Africa and Western Asia (UN SDG),UNSDG_NAWA,2006,85.65247
Northern Africa and Western Asia (UN SDG),UNSDG_NAWA,2007,86.07506
Northern Africa and Western Asia (UN SDG),UNSDG_NAWA,2008,86.6121
Northern Africa and Western Asia (UN SDG),UNSDG_NAWA,2009,86.99222
Northern Africa and Western Asia (UN SDG),UNSDG_NAWA,2010,87.378654
Northern Africa and Western Asia (UN SDG),UNSDG_NAWA,2011,87.774536
Northern Africa and Western Asia (UN SDG),UNSDG_NAWA,2012,88.17027
Northern Africa and Western Asia (UN SDG),UNSDG_NAWA,2013,88.57237
Northern Africa and Western Asia (UN SDG),UNSDG_NAWA,2014,88.97414
Northern Africa and Western Asia (UN SDG),UNSDG_NAWA,2015,89.36886
Northern Africa and Western Asia (UN SDG),UNSDG_NAWA,2016,89.74438
Northern Africa and Western Asia (UN SDG),UNSDG_NAWA,2017,90.08174
Northern Africa and Western Asia (UN SDG),UNSDG_NAWA,2018,90.40689
Northern Africa and Western Asia (UN SDG),UNSDG_NAWA,2019,90.745224
Northern Africa and Western Asia (UN SDG),UNSDG_NAWA,2020,91.06667
Northern Africa and Western Asia (UN SDG),UNSDG_NAWA,2021,91.31999
Northern Africa and Western Asia (UN SDG),UNSDG_NAWA,2022,91.58167
Northern Africa and Western Asia (UN SDG),UNSDG_NAWA,2023,91.8778
Northern Africa and Western Asia (UN SDG),UNSDG_NAWA,2024,92.16274
Northern Mariana Islands,MNP,2000,96.48442
Northern Mariana Islands,MNP,2001,96.67357
Northern Mariana Islands,MNP,2002,96.86271
Northern Mariana Islands,MNP,2003,97.05185
Northern Mariana Islands,MNP,2004,97.241
Northern Mariana Islands,MNP,2005,97.43014
Northern Mariana Islands,MNP,2006,97.619286
Northern Mariana Islands,MNP,2007,97.808426
Northern Mariana Islands,MNP,2008,97.99757
Northern Mariana Islands,MNP,2009,98.186714
Northern Mariana Islands,MNP,2010,98.375854
Northern Mariana Islands,MNP,2011,98.564995
Northern Mariana Islands,MNP,2012,98.75414
Northern Mariana Islands,MNP,2013,98.94328
Northern Mariana Islands,MNP,2014,99.13243
Northern Mariana Islands,MNP,2015,99.32157
Northern Mariana Islands,MNP,2016,99.51071
Northern Mariana Islands,MNP,2017,99.69986
Northern Mariana Islands,MNP,2018,99.889
Northern Mariana Islands,MNP,2019,100.0
Northern Mariana Islands,MNP,2020,100.0
Northern Mariana Islands,MNP,2021,100.0
Northern Mariana Islands,MNP,2022,100.0
Northern Mariana Islands,MNP,2023,100.0
Northern Mariana Islands,MNP,2024,100.0
Norway,NOR,2000,100.0
Norway,NOR,2001,100.0
Norway,NOR,2002,100.0
Norway,NOR,2003,100.0
Norway,NOR,2004,100.0
Norway,NOR,2005,100.0
Norway,NOR,2006,100.0
Norway,NOR,2007,100.0
Norway,NOR,2008,100.0
Norway,NOR,2009,100.0
Norway,NOR,2010,100.0
Norway,NOR,2011,100.0
Norway,NOR,2012,100.0
Norway,NOR,2013,100.0
Norway,NOR,2014,100.0
Norway,NOR,2015,100.0
Norway,NOR,2016,100.0
Norway,NOR,2017,100.0
Norway,NOR,2018,100.0
Norway,NOR,2019,100.0
Norway,NOR,2020,100.0
Norway,NOR,2021,100.0
Norway,NOR,2022,100.0
Norway,NOR,2023,99.99999
Norway,NOR,2024,100.0
Oceania (UN SDG),UNSDG_OC,2000,50.281048
Oceania (UN SDG),UNSDG_OC,2001,49.99061
Oceania (UN SDG),UNSDG_OC,2002,49.696136
Oceania (UN SDG),UNSDG_OC,2003,49.408737
Oceania (UN SDG),UNSDG_OC,2004,49.12213
Oceania (UN SDG),UNSDG_OC,2005,49.845226
Oceania (UN SDG),UNSDG_OC,2006,50.574627
Oceania (UN SDG),UNSDG_OC,2007,51.32307
Oceania (UN SDG),UNSDG_OC,2008,52.080074
Oceania (UN SDG),UNSDG_OC,2009,52.691383
Oceania (UN SDG),UNSDG_OC,2010,53.319637
Oceania (UN SDG),UNSDG_OC,2011,53.965508
Oceania (UN SDG),UNSDG_OC,2012,54.615414
Oceania (UN SDG),UNSDG_OC,2013,55.280422
Oceania (UN SDG),UNSDG_OC,2014,55.945164
Oceania (UN SDG),UNSDG_OC,2015,56.602036
Oceania (UN SDG),UNSDG_OC,2016,57.25293
Oceania (UN SDG),UNSDG_OC,2017,57.90326
Oceania (UN SDG),UNSDG_OC,2018,58.54753
Oceania (UN SDG),UNSDG_OC,2019,59.189068
Oceania (UN SDG),UNSDG_OC,2020,59.84824
Oceania (UN SDG),UNSDG_OC,2021,60.53361
Oceania (UN SDG),UNSDG_OC,2022,61.22025
Oceania (UN SDG),UNSDG_OC,2023,61.894608
Oceania (UN SDG),UNSDG_OC,2024,62.555214
Oman,OMN,2000,85.63808
Oman,OMN,2001,85.633766
Oman,OMN,2002,85.62946
Oman,OMN,2003,85.62515
Oman,OMN,2004,85.69365
Oman,OMN,2005,86.06027
Oman,OMN,2006,86.423515
Oman,OMN,2007,86.783195
Oman,OMN,2008,87.13936
Oman,OMN,2009,87.49162
Oman,OMN,2010,87.84045
Oman,OMN,2011,88.28549
Oman,OMN,2012,88.7988
Oman,OMN,2013,89.29448
Oman,OMN,2014,89.774475
Oman,OMN,2015,90.23849
Oman,OMN,2016,90.68742
Oman,OMN,2017,91.11489
Oman,OMN,2018,91.523094
Oman,OMN,2019,91.88826
Oman,OMN,2020,92.16803
Oman,OMN,2021,92.30972
Oman,OMN,2022,92.43997
Oman,OMN,2023,92.55989
Oman,OMN,2024,92.67022
Pakistan,PAK,2000,87.34433
Pakistan,PAK,2001,87.586075
Pakistan,PAK,2002,87.824814
Pakistan,PAK,2003,88.06254
Pakistan,PAK,2004,88.29938
Pakistan,PAK,2005,87.985825
Pakistan,PAK,2006,88.142265
Pakistan,PAK,2007,88.31304
Pakistan,PAK,2008,88.48203
Pakistan,PAK,2009,88.64923
Pakistan,PAK,2010,88.814735
Pakistan,PAK,2011,88.978516
Pakistan,PAK,2012,89.140564
Pakistan,PAK,2013,89.30073
Pakistan,PAK,2014,89.459145
Pakistan,PAK,2015,89.61582
Pakistan,PAK,2016,89.77071
Pakistan,PAK,2017,89.923775
Pakistan,PAK,2018,90.07584
Pakistan,PAK,2019,90.226776
Pakistan,PAK,2020,90.37633
Pakistan,PAK,2021,90.52431
Pakistan,PAK,2022,90.670456
Pakistan,PAK,2023,90.68159
Pakistan,PAK,2024,90.6933
Palau,PLW,2000,99.34108
Palau,PLW,2001,99.344284
Palau,PLW,2002,99.3476
Palau,PLW,2003,99.35102
Palau,PLW,2004,99.36425
Palau,PLW,2005,99.37698
Palau,PLW,2006,99.38927
Palau,PLW,2007,99.40109
Palau,PLW,2008,99.41248
Palau,PLW,2009,99.42343
Palau,PLW,2010,99.43394
Palau,PLW,2011,99.444016
Palau,PLW,2012,99.45369
Palau,PLW,2013,99.462944
Palau,PLW,2014,99.471794
Palau,PLW,2015,99.48026
Palau,PLW,2016,99.48826
Palau,PLW,2017,99.495804
Palau,PLW,2018,99.50292
Palau,PLW,2019,99.509636
Palau,PLW,2020,99.515976
Palau,PLW,2021,99.52195
Palau,PLW,2022,99.52757
Palau,PLW,2023,99.52997
Palau,PLW,2024,99.53225
Palestine,PSE,2000,92.39327
Palestine,PSE,2001,92.88285
Palestine,PSE,2002,93.371124
Palestine,PSE,2003,93.85799
Palestine,PSE,2004,94.34357
Palestine,PSE,2005,94.82775
Palestine,PSE,2006,95.31062
Palestine,PSE,2007,95.79222
Palestine,PSE,2008,96.27246
Palestine,PSE,2009,96.751656
Palestine,PSE,2010,97.22978
Palestine,PSE,2011,97.70673
Palestine,PSE,2012,98.182465
Palestine,PSE,2013,98.57939
Palestine,PSE,2014,98.96806
Palestine,PSE,2015,99.20375
Palestine,PSE,2016,99.309494
Palestine,PSE,2017,99.22418
Palestine,PSE,2018,99.13726
Palestine,PSE,2019,99.048676
Palestine,PSE,2020,98.958405
Palestine,PSE,2021,98.866394
Palestine,PSE,2022,98.780945
Palestine,PSE,2023,98.77636
Palestine,PSE,2024,98.771706
Panama,PAN,2000,89.620155
Panama,PAN,2001,89.975975
Panama,PAN,2002,90.32899
Panama,PAN,2003,90.6584
Panama,PAN,2004,90.86602
Panama,PAN,2005,91.0628
Panama,PAN,2006,91.25622
Panama,PAN,2007,91.44614
Panama,PAN,2008,91.63294
Panama,PAN,2009,91.81649
Panama,PAN,2010,91.99663
Panama,PAN,2011,92.175026
Panama,PAN,2012,92.351456
Panama,PAN,2013,92.52587
Panama,PAN,2014,92.69838
Panama,PAN,2015,92.86864
Panama,PAN,2016,93.18882
Panama,PAN,2017,93.507385
Panama,PAN,2018,93.824135
Panama,PAN,2019,94.13898
Panama,PAN,2020,94.43065
Panama,PAN,2021,94.64368
Panama,PAN,2022,94.85343
Panama,PAN,2023,95.059845
Panama,PAN,2024,95.262825
Papua New Guinea,PNG,2000,29.772417
Papua New Guinea,PNG,2001,29.75864
Papua New Guinea,PNG,2002,29.747372
Papua New Guinea,PNG,2003,29.736101
Papua New Guinea,PNG,2004,29.724205
Papua New Guinea,PNG,2005,31.197584
Papua New Guinea,PNG,2006,32.671513
Papua New Guinea,PNG,2007,34.146
Papua New Guinea,PNG,2008,35.621037
Papua New Guinea,PNG,2009,36.870457
Papua New Guinea,PNG,2010,38.097317
Papua New Guinea,PNG,2011,39.301086
Papua New Guinea,PNG,2012,40.482807
Papua New Guinea,PNG,2013,41.64884
Papua New Guinea,PNG,2014,42.798615
Papua New Guinea,PNG,2015,43.93157
Papua New Guinea,PNG,2016,45.047176
Papua New Guinea,PNG,2017,46.144917
Papua New Guinea,PNG,2018,47.224735
Papua New Guinea,PNG,2019,48.28571
Papua New Guinea,PNG,2020,49.327396
Papua New Guinea,PNG,2021,50.35015
Papua New Guinea,PNG,2022,51.353134
Papua New Guinea,PNG,2023,52.33592
Papua New Guinea,PNG,2024,53.298485
Paraguay,PRY,2000,76.39116
Paraguay,PRY,2001,77.773224
Paraguay,PRY,2002,79.11788
Paraguay,PRY,2003,80.35479
Paraguay,PRY,2004,81.557594
Paraguay,PRY,2005,82.74705
Paraguay,PRY,2006,83.922905
Paraguay,PRY,2007,85.08525
Paraguay,PRY,2008,86.23439
Paraguay,PRY,2009,87.37013
Paraguay,PRY,2010,88.49255
Paraguay,PRY,2011,89.60173
Paraguay,PRY,2012,90.6979
Paraguay,PRY,2013,91.77663
Paraguay,PRY,2014,92.842125
Paraguay,PRY,2015,93.896286
Paraguay,PRY,2016,94.93927
Paraguay,PRY,2017,95.97097
Paraguay,PRY,2018,96.99205
Paraguay,PRY,2019,98.02471
Paraguay,PRY,2020,99.04623
Paraguay,PRY,2021,99.330505
Paraguay,PRY,2022,99.518
Paraguay,PRY,2023,99.60096
Paraguay,PRY,2024,99.60359
Peru,PER,2000,80.40771
Peru,PER,2001,81.1652
Peru,PER,2002,81.91209
Peru,PER,2003,82.648865
Peru,PER,2004,83.375244
Peru,PER,2005,84.09101
Peru,PER,2006,84.796974
Peru,PER,2007,85.49258
Peru,PER,2008,86.13887
Peru,PER,2009,86.76216
Peru,PER,2010,87.38151
Peru,PER,2011,87.99636
Peru,PER,2012,88.60729
Peru,PER,2013,89.2138
Peru,PER,2014,89.816185
Peru,PER,2015,90.41467
Peru,PER,2016,91.00885
Peru,PER,2017,91.59897
Peru,PER,2018,92.18632
Peru,PER,2019,92.77049
Peru,PER,2020,93.35144
Peru,PER,2021,93.92878
Peru,PER,2022,94.502304
Peru,PER,2023,95.07192
Peru,PER,2024,95.637085
Philippines,PHL,2000,86.514984
Philippines,PHL,2001,86.86711
Philippines,PHL,2002,87.24124
Philippines,PHL,2003,87.61607
Philippines,PHL,2004,87.9916
Philippines,PHL,2005,88.36783
Philippines,PHL,2006,88.74475
Philippines,PHL,2007,89.122375
Philippines,PHL,2008,89.500694
Philippines,PHL,2009,89.87981
Philippines,PHL,2010,90.264015
Philippines,PHL,2011,90.670105
Philippines,PHL,2012,91.07489
Philippines,PHL,2013,91.478455
Philippines,PHL,2014,91.88061
Philippines,PHL,2015,92.28154
Philippines,PHL,2016,92.68115
Philippines,PHL,2017,93.0806
Philippines,PHL,2018,93.47985
Philippines,PHL,2019,93.87864
Philippines,PHL,2020,94.27679
Philippines,PHL,2021,94.6741
Philippines,PHL,2022,95.070404
Philippines,PHL,2023,95.46551
Philippines,PHL,2024,95.85922
Poland,POL,2005,98.23908
Poland,POL,2006,98.235825
Poland,POL,2007,98.23253
Poland,POL,2008,98.22921
Poland,POL,2009,98.22592
Poland,POL,2010,97.68796
Poland,POL,2011,97.14836
Poland,POL,2012,96.606415
Poland,POL,2013,96.062675
Poland,POL,2014,95.517044
Poland,POL,2015,94.96964
Poland,POL,2016,94.42243
Poland,POL,2017,93.87613
Poland,POL,2018,93.33123
Poland,POL,2019,92.788315
Poland,POL,2020,92.248055
Poland,POL,2021,91.71093
Poland,POL,2022,91.17763
Poland,POL,2023,90.64848
Poland,POL,2024,90.124466
Portugal,PRT,2000,99.22967
Portugal,PRT,2001,99.216385
Portugal,PRT,2002,99.20467
Portugal,PRT,2003,99.19442
Portugal,PRT,2004,99.18561
Portugal,PRT,2005,99.178246
Portugal,PRT,2006,99.17232
Portugal,PRT,2007,99.167816
Portugal,PRT,2008,99.16474
Portugal,PRT,2009,99.16305
Portugal,PRT,2010,99.16277
Portugal,PRT,2011,99.163864
Portugal,PRT,2012,99.16633
Portugal,PRT,2013,99.17011
Portugal,PRT,2014,99.17522
Portugal,PRT,2015,99.18161
Portugal,PRT,2016,99.18926
Portugal,PRT,2017,99.19817
Portugal,PRT,2018,99.208275
Portugal,PRT,2019,99.21959
Portugal,PRT,2020,99.23207
Portugal,PRT,2021,99.24568
Portugal,PRT,2022,99.26041
Portugal,PRT,2023,99.27622
Portugal,PRT,2024,99.28761
Puerto Rico,PRI,2000,97.21325
Puerto Rico,PRI,2001,97.360725
Puerto Rico,PRI,2002,97.50821
Puerto Rico,PRI,2003,97.655685
Puerto Rico,PRI,2004,97.80317
Puerto Rico,PRI,2005,97.950645
Puerto Rico,PRI,2006,98.09813
Puerto Rico,PRI,2007,98.245605
Puerto Rico,PRI,2008,98.39309
Puerto Rico,PRI,2009,98.540565
Puerto Rico,PRI,2010,98.68805
Puerto Rico,PRI,2011,98.835526
Puerto Rico,PRI,2012,98.98301
Puerto Rico,PRI,2013,99.130486
Puerto Rico,PRI,2014,99.27797
Puerto Rico,PRI,2015,99.42545
Puerto Rico,PRI,2016,99.57293
Puerto Rico,PRI,2017,99.72041
Puerto Rico,PRI,2018,99.86789
Puerto Rico,PRI,2019,100.0
Puerto Rico,PRI,2020,100.0
Puerto Rico,PRI,2021,100.0
Puerto Rico,PRI,2022,100.0
Puerto Rico,PRI,2023,100.0
Puerto Rico,PRI,2024,100.0
Qatar,QAT,2000,99.90292
Qatar,QAT,2001,99.90292
Qatar,QAT,2002,99.90292
Qatar,QAT,2003,99.90292
Qatar,QAT,2004,99.90292
Qatar,QAT,2005,99.90292
Qatar,QAT,2006,99.90292
Qatar,QAT,2007,99.90292
Qatar,QAT,2008,99.90292
Qatar,QAT,2009,99.90907
Qatar,QAT,2010,99.915215
Qatar,QAT,2011,99.921364
Qatar,QAT,2012,99.92751
Qatar,QAT,2013,99.933655
Qatar,QAT,2014,99.939804
Qatar,QAT,2015,99.945946
Qatar,QAT,2016,99.952095
Qatar,QAT,2017,99.958244
Qatar,QAT,2018,99.964386
Qatar,QAT,2019,99.970535
Qatar,QAT,2020,99.97668
Qatar,QAT,2021,99.98283
Qatar,QAT,2022,99.988976
Qatar,QAT,2023,99.988976
Qatar,QAT,2024,99.988976
Reunion,REU,2000,99.76781
Reunion,REU,2001,99.76781
Reunion,REU,2002,99.76781
Reunion,REU,2003,99.76781
Reunion,REU,2004,99.76781
Reunion,REU,2005,99.76781
Reunion,REU,2006,99.77428
Reunion,REU,2007,99.78075
Reunion,REU,2008,99.787224
Reunion,REU,2009,99.79369
Reunion,REU,2010,99.80016
Reunion,REU,2011,99.80663
Reunion,REU,2012,99.81311
Reunion,REU,2013,99.81958
Reunion,REU,2014,99.82605
Reunion,REU,2015,99.83252
Reunion,REU,2016,99.839
Reunion,REU,2017,99.84547
Reunion,REU,2018,99.85194
Reunion,REU,2019,99.858406
Reunion,REU,2020,99.86488
Reunion,REU,2021,99.87135
Reunion,REU,2022,99.87782
Reunion,REU,2023,99.88429
Reunion,REU,2024,99.88429
Romania,ROU,2000,100.0
Romania,ROU,2001,100.0
Romania,ROU,2002,100.0
Romania,ROU,2003,100.0
Romania,ROU,2004,100.0
Romania,ROU,2005,100.0
Romania,ROU,2006,100.0
Romania,ROU,2007,100.0
Romania,ROU,2008,100.0
Romania,ROU,2009,100.0
Romania,ROU,2010,100.0
Romania,ROU,2011,100.0
Romania,ROU,2012,100.0
Romania,ROU,2013,100.0
Romania,ROU,2014,100.0
Romania,ROU,2015,100.0
Romania,ROU,2016,100.0
Romania,ROU,2017,100.0
Romania,ROU,2018,100.0
Romania,ROU,2019,100.0
Romania,ROU,2020,100.0
Romania,ROU,2021,100.0
Romania,ROU,2022,100.0
Romania,ROU,2023,100.0
Romania,ROU,2024,100.0
Russia,RUS,2000,96.41184
Russia,RUS,2001,96.41155
Russia,RUS,2002,96.424065
Russia,RUS,2003,96.439255
Russia,RUS,2004,96.45545
Russia,RUS,2005,96.47171
Russia,RUS,2006,96.48803
Russia,RUS,2007,96.50441
Russia,RUS,2008,96.52086
Russia,RUS,2009,96.53729
Russia,RUS,2010,96.55386
Russia,RUS,2011,96.5705
Russia,RUS,2012,96.5883
Russia,RUS,2013,96.60723
Russia,RUS,2014,96.62747
Russia,RUS,2015,96.64889
Russia,RUS,2016,96.671585
Russia,RUS,2017,96.6956
Russia,RUS,2018,96.72089
Russia,RUS,2019,96.74746
Russia,RUS,2020,96.775345
Russia,RUS,2021,96.80458
Russia,RUS,2022,96.83509
Russia,RUS,2023,96.86701
Russia,RUS,2024,96.90026
Rwanda,RWA,2000,47.570583
Rwanda,RWA,2001,48.370342
Rwanda,RWA,2002,49.185722
Rwanda,RWA,2003,49.75616
Rwanda,RWA,2004,50.290203
Rwanda,RWA,2005,50.82476
Rwanda,RWA,2006,51.36014
Rwanda,RWA,2007,51.895737
Rwanda,RWA,2008,52.43185
Rwanda,RWA,2009,52.968792
Rwanda,RWA,2010,53.505947
Rwanda,RWA,2011,54.043617
Rwanda,RWA,2012,54.582123
Rwanda,RWA,2013,55.12083
Rwanda,RWA,2014,55.665066
Rwanda,RWA,2015,56.21518
Rwanda,RWA,2016,56.77061
Rwanda,RWA,2017,57.332047
Rwanda,RWA,2018,57.899544
Rwanda,RWA,2019,58.472855
Rwanda,RWA,2020,59.05236
Rwanda,RWA,2021,59.638123
Rwanda,RWA,2022,60.23022
Rwanda,RWA,2023,60.82904
Rwanda,RWA,2024,61.392178
Saint Barthelemy,BLM,2000,99.460304
Saint Barthelemy,BLM,2001,99.460304
Saint Barthelemy,BLM,2002,99.460304
Saint Barthelemy,BLM,2003,99.460304
Saint Barthelemy,BLM,2004,99.460304
Saint Barthelemy,BLM,2005,99.49853
Saint Barthelemy,BLM,2006,99.53674
Saint Barthelemy,BLM,2007,99.57497
Saint Barthelemy,BLM,2008,99.61319
Saint Barthelemy,BLM,2009,99.651405
Saint Barthelemy,BLM,2010,99.68963
Saint Barthelemy,BLM,2011,99.727844
Saint Barthelemy,BLM,2012,99.76607
Saint Barthelemy,BLM,2013,99.80428
Saint Barthelemy,BLM,2014,99.84251
Saint Barthelemy,BLM,2015,99.88072
Saint Barthelemy,BLM,2016,99.918945
Saint Barthelemy,BLM,2017,99.95716
Saint Barthelemy,BLM,2018,99.995384
Saint Barthelemy,BLM,2019,100.0
Saint Barthelemy,BLM,2020,100.0
Saint Barthelemy,BLM,2021,100.0
Saint Barthelemy,BLM,2022,100.0
Saint Barthelemy,BLM,2023,100.0
Saint Barthelemy,BLM,2024,100.0
Saint Helena,SHN,2002,99.37847
Saint Helena,SHN,2003,99.37847
Saint Helena,SHN,2004,99.37847
Saint Helena,SHN,2005,99.37847
Saint Helena,SHN,2006,99.37847
Saint Helena,SHN,2007,99.37332
Saint Helena,SHN,2008,99.36818
Saint Helena,SHN,2009,99.36303
Saint Helena,SHN,2010,99.35789
Saint Helena,SHN,2011,99.35274
Saint Helena,SHN,2012,99.347595
Saint Helena,SHN,2013,99.342445
Saint Helena,SHN,2014,99.3373
Saint Helena,SHN,2015,99.33215
Saint Helena,SHN,2016,99.327
Saint Helena,SHN,2017,99.32186
Saint Helena,SHN,2018,99.31671
Saint Helena,SHN,2019,99.31157
Saint Helena,SHN,2020,99.30642
Saint Helena,SHN,2021,99.30128
Saint Helena,SHN,2022,99.29613
Saint Helena,SHN,2023,99.290985
Saint Helena,SHN,2024,99.290985
Saint Kitts and Nevis,KNA,2000,98.4499
Saint Kitts and Nevis,KNA,2001,98.46235
Saint Kitts and Nevis,KNA,2002,98.47481
Saint Kitts and Nevis,KNA,2003,98.48727
Saint Kitts and Nevis,KNA,2004,98.499725
Saint Kitts and Nevis,KNA,2005,98.512184
Saint Kitts and Nevis,KNA,2006,98.52464
Saint Kitts and Nevis,KNA,2007,98.5371
Saint Kitts and Nevis,KNA,2008,98.54956
Saint Kitts and Nevis,KNA,2009,98.56202
Saint Kitts and Nevis,KNA,2010,98.57448
Saint Kitts and Nevis,KNA,2011,98.58694
Saint Kitts and Nevis,KNA,2012,98.599396
Saint Kitts and Nevis,KNA,2013,98.611855
Saint Kitts and Nevis,KNA,2014,98.611855
Saint Kitts and Nevis,KNA,2015,98.611855
Saint Kitts and Nevis,KNA,2016,98.611855
Saint Kitts and Nevis,KNA,2017,98.611855
Saint Lucia,LCA,2000,90.62743
Saint Lucia,LCA,2001,90.61051
Saint Lucia,LCA,2002,90.54621
Saint Lucia,LCA,2003,90.857285
Saint Lucia,LCA,2004,91.177
Saint Lucia,LCA,2005,91.50531
Saint Lucia,LCA,2006,91.84169
Saint Lucia,LCA,2007,92.18592
Saint Lucia,LCA,2008,92.537605
Saint Lucia,LCA,2009,92.896614
Saint Lucia,LCA,2010,93.26623
Saint Lucia,LCA,2011,93.66159
Saint Lucia,LCA,2012,94.05696
Saint Lucia,LCA,2013,94.452545
Saint Lucia,LCA,2014,94.84824
Saint Lucia,LCA,2015,95.24399
Saint Lucia,LCA,2016,95.639626
Saint Lucia,LCA,2017,96.035065
Saint Lucia,LCA,2018,96.43023
Saint Lucia,LCA,2019,96.82498
Saint Lucia,LCA,2020,97.21924
Saint Lucia,LCA,2021,97.61286
Saint Lucia,LCA,2022,97.87395
Saint Lucia,LCA,2023,98.09669
Saint Lucia,LCA,2024,98.09568
Saint Martin (French part),MAF,2000,100.0
Saint Martin (French part),MAF,2001,100.0
Saint Martin (French part),MAF,2002,100.0
Saint Martin (French part),MAF,2003,100.0
Saint Martin (French part),MAF,2004,100.0
Saint Martin (French part),MAF,2005,100.0
Saint Martin (French part),MAF,2006,100.0
Saint Martin (French part),MAF,2007,100.0
Saint Martin (French part),MAF,2008,100.0
Saint Martin (French part),MAF,2009,100.0
Saint Martin (French part),MAF,2010,99.99782
Saint Martin (French part),MAF,2011,99.99206
Saint Martin (French part),MAF,2012,99.9863
Saint Martin (French part),MAF,2013,99.98054
Saint Martin (French part),MAF,2014,99.97478
Saint Martin (French part),MAF,2015,99.96902
Saint Martin (French part),MAF,2016,99.96326
Saint Martin (French part),MAF,2017,99.9575
Saint Martin (French part),MAF,2018,99.95174
Saint Martin (French part),MAF,2019,99.94598
Saint Martin (French part),MAF,2020,99.940216
Saint Martin (French part),MAF,2021,99.934456
Saint Martin (French part),MAF,2022,99.928696
Saint Martin (French part),MAF,2023,99.922935
Saint Martin (French part),MAF,2024,99.922935
Saint Pierre and Miquelon,SPM,2007,90.03626
Saint Pierre and Miquelon,SPM,2008,90.03626
Saint Pierre and Miquelon,SPM,2009,90.03626
Saint Pierre and Miquelon,SPM,2010,90.03626
Saint Pierre and Miquelon,SPM,2011,90.03626
Saint Pierre and Miquelon,SPM,2012,90.94018
Saint Pierre and Miquelon,SPM,2013,91.84409
Saint Pierre and Miquelon,SPM,2014,92.74801
Saint Pierre and Miquelon,SPM,2015,93.651924
Saint Pierre and Miquelon,SPM,2016,94.55584
Saint Pierre and Miquelon,SPM,2017,95.459755
Saint Pierre and Miquelon,SPM,2018,96.36367
Saint Pierre and Miquelon,SPM,2019,97.267586
Saint Pierre and Miquelon,SPM,2020,98.1715
Saint Pierre and Miquelon,SPM,2021,98.1715
Saint Pierre and Miquelon,SPM,2022,98.1715
Saint Pierre and Miquelon,SPM,2023,98.1715
Saint Pierre and Miquelon,SPM,2024,98.1715
Saint Vincent and the Grenadines,VCT,2000,95.448875
Saint Vincent and the Grenadines,VCT,2001,95.60567
Saint Vincent and the Grenadines,VCT,2002,95.76311
Saint Vincent and the Grenadines,VCT,2003,95.92119
Saint Vincent and the Grenadines,VCT,2004,96.079926
Saint Vincent and the Grenadines,VCT,2005,96.23933
Saint Vincent and the Grenadines,VCT,2006,96.39941
Saint Vincent and the Grenadines,VCT,2007,96.56016
Saint Vincent and the Grenadines,VCT,2008,96.721596
Saint Vincent and the Grenadines,VCT,2009,96.883736
Saint Vincent and the Grenadines,VCT,2010,97.04658
Saint Vincent and the Grenadines,VCT,2011,97.21013
Saint Vincent and the Grenadines,VCT,2012,97.374405
Saint Vincent and the Grenadines,VCT,2013,97.53938
Saint Vincent and the Grenadines,VCT,2014,97.70512
Saint Vincent and the Grenadines,VCT,2015,97.71086
Saint Vincent and the Grenadines,VCT,2016,97.71664
Saint Vincent and the Grenadines,VCT,2017,97.72245
Saint Vincent and the Grenadines,VCT,2018,97.72831
Samoa,WSM,2000,87.24258
Samoa,WSM,2001,87.239586
Samoa,WSM,2002,87.24376
Samoa,WSM,2003,87.25175
Samoa,WSM,2004,87.25967
Samoa,WSM,2005,87.496895
Samoa,WSM,2006,87.733345
Samoa,WSM,2007,87.968895
Samoa,WSM,2008,88.20362
Samoa,WSM,2009,88.43759
Samoa,WSM,2010,88.67084
Samoa,WSM,2011,88.90339
Samoa,WSM,2012,89.13551
Samoa,WSM,2013,90.03607
Samoa,WSM,2014,90.93824
Samoa,WSM,2015,91.84203
Samoa,WSM,2016,92.74743
Samoa,WSM,2017,93.65443
Samoa,WSM,2018,94.5631
Samoa,WSM,2019,95.4737
Samoa,WSM,2020,96.38644
Samoa,WSM,2021,97.30155
Samoa,WSM,2022,98.18471
Samoa,WSM,2023,98.93024
Samoa,WSM,2024,99.440926
San Marino,SMR,2000,100.0
San Marino,SMR,2001,100.0
San Marino,SMR,2002,100.0
San Marino,SMR,2003,100.0
San Marino,SMR,2004,100.0
San Marino,SMR,2005,100.0
San Marino,SMR,2006,100.0
San Marino,SMR,2007,100.0
San Marino,SMR,2008,100.0
San Marino,SMR,2009,100.0
San Marino,SMR,2010,100.0
San Marino,SMR,2011,100.0
San Marino,SMR,2012,100.0
San Marino,SMR,2013,100.0
San Marino,SMR,2014,100.0
San Marino,SMR,2015,100.0
San Marino,SMR,2016,100.0
San Marino,SMR,2017,99.99999
San Marino,SMR,2018,100.0
San Marino,SMR,2019,100.0
San Marino,SMR,2020,100.0
San Marino,SMR,2021,100.0
San Marino,SMR,2022,100.0
San Marino,SMR,2023,100.0
San Marino,SMR,2024,99.99999
Sao Tome and Principe,STP,2000,69.188705
Sao Tome and Principe,STP,2001,69.64653
Sao Tome and Principe,STP,2002,70.12288
Sao Tome and Principe,STP,2003,70.59286
Sao Tome and Principe,STP,2004,71.051834
Sao Tome and Principe,STP,2005,71.49903
Sao Tome and Principe,STP,2006,71.935
Sao Tome and Principe,STP,2007,72.35981
Sao Tome and Principe,STP,2008,72.77357
Sao Tome and Principe,STP,2009,73.17593
Sao Tome and Principe,STP,2010,73.56744
Sao Tome and Principe,STP,2011,73.94801
Sao Tome and Principe,STP,2012,74.31797
Sao Tome and Principe,STP,2013,74.6745
Sao Tome and Principe,STP,2014,75.01849
Sao Tome and Principe,STP,2015,75.350266
Sao Tome and Principe,STP,2016,75.67031
Sao Tome and Principe,STP,2017,75.979095
Sao Tome and Principe,STP,2018,76.27706
Sao Tome and Principe,STP,2019,76.56466
Sao Tome and Principe,STP,2020,76.8423
Sao Tome and Principe,STP,2021,77.11048
Sao Tome and Principe,STP,2022,77.55741
Sao Tome and Principe,STP,2023,77.76274
Sao Tome and Principe,STP,2024,77.95744
Saudi Arabia,SAU,2000,99.07876
Saudi Arabia,SAU,2001,99.077126
Saudi Arabia,SAU,2002,99.07551
Saudi Arabia,SAU,2003,99.07389
Saudi Arabia,SAU,2004,99.07229
Saudi Arabia,SAU,2005,99.07069
Saudi Arabia,SAU,2006,99.069084
Saudi Arabia,SAU,2007,99.06749
Saudi Arabia,SAU,2008,99.06591
Saudi Arabia,SAU,2009,99.064354
Saudi Arabia,SAU,2010,99.062805
Saudi Arabia,SAU,2011,99.06125
Saudi Arabia,SAU,2012,99.05969
Saudi Arabia,SAU,2013,99.05813
Saudi Arabia,SAU,2014,99.05656
Saudi Arabia,SAU,2015,99.054985
Saudi Arabia,SAU,2016,99.053406
Saudi Arabia,SAU,2017,99.051834
Saudi Arabia,SAU,2018,99.05025
Saudi Arabia,SAU,2019,99.048676
Saudi Arabia,SAU,2020,99.04709
Saudi Arabia,SAU,2021,99.04552
Saudi Arabia,SAU,2022,99.04394
Saudi Arabia,SAU,2023,99.04236
Saudi Arabia,SAU,2024,99.04078
Senegal,SEN,2000,59.799736
Senegal,SEN,2001,60.906647
Senegal,SEN,2002,62.01613
Senegal,SEN,2003,63.194244
Senegal,SEN,2004,64.421844
Senegal,SEN,2005,65.6454
Senegal,SEN,2006,66.86561
Senegal,SEN,2007,68.08185
Senegal,SEN,2008,69.29395
Senegal,SEN,2009,70.50139
Senegal,SEN,2010,71.70473
Senegal,SEN,2011,72.90342
Senegal,SEN,2012,74.09696
Senegal,SEN,2013,75.28554
Senegal,SEN,2014,76.46896
Senegal,SEN,2015,77.64932
Senegal,SEN,2016,78.82581
Senegal,SEN,2017,79.998474
Senegal,SEN,2018,81.166245
Senegal,SEN,2019,82.32886
Senegal,SEN,2020,83.48557
Senegal,SEN,2021,84.63608
Senegal,SEN,2022,85.77963
Senegal,SEN,2023,86.915565
Senegal,SEN,2024,88.043564
Serbia,SRB,2000,89.41924
Serbia,SRB,2001,89.39539
Serbia,SRB,2002,89.37172
Serbia,SRB,2003,89.34828
Serbia,SRB,2004,89.324905
Serbia,SRB,2005,89.672005
Serbia,SRB,2006,90.020584
Serbia,SRB,2007,90.370575
Serbia,SRB,2008,90.722084
Serbia,SRB,2009,91.07507
Serbia,SRB,2010,91.429565
Serbia,SRB,2011,91.78549
Serbia,SRB,2012,92.1453
Serbia,SRB,2013,92.50678
Serbia,SRB,2014,92.86897
Serbia,SRB,2015,93.23195
Serbia,SRB,2016,93.59566
Serbia,SRB,2017,93.95988
Serbia,SRB,2018,94.32481
Serbia,SRB,2019,94.69063
Serbia,SRB,2020,95.057526
Serbia,SRB,2021,95.425674
Serbia,SRB,2022,95.41636
Serbia,SRB,2023,95.40726
Serbia,SRB,2024,95.398384
Seychelles,SYC,2000,93.56641
Seychelles,SYC,2001,93.73978
Seychelles,SYC,2002,93.913155
Seychelles,SYC,2003,94.086525
Seychelles,SYC,2004,94.259895
Seychelles,SYC,2005,94.433266
Seychelles,SYC,2006,94.606636
Seychelles,SYC,2007,94.78001
Seychelles,SYC,2008,94.953384
Seychelles,SYC,2009,95.126755
Seychelles,SYC,2010,95.300125
Seychelles,SYC,2011,95.473495
Seychelles,SYC,2012,95.646866
Seychelles,SYC,2013,95.820244
Seychelles,SYC,2014,95.993614
Seychelles,SYC,2015,96.166985
Seychelles,SYC,2016,96.23174
Seychelles,SYC,2017,96.23826
Seychelles,SYC,2018,96.24474
Seychelles,SYC,2019,96.86047
Seychelles,SYC,2020,97.033844
Seychelles,SYC,2021,97.207214
Seychelles,SYC,2022,97.380585
Seychelles,SYC,2023,97.553955
Seychelles,SYC,2024,97.727325
Sierra Leone,SLE,2000,40.883118
Sierra Leone,SLE,2001,41.223705
Sierra Leone,SLE,2002,42.356403
Sierra Leone,SLE,2003,43.489525
Sierra Leone,SLE,2004,44.623043
Sierra Leone,SLE,2005,45.786724
Sierra Leone,SLE,2006,46.972153
Sierra Leone,SLE,2007,48.156315
Sierra Leone,SLE,2008,49.339134
Sierra Leone,SLE,2009,50.520195
Sierra Leone,SLE,2010,51.69944
Sierra Leone,SLE,2011,52.877167
Sierra Leone,SLE,2012,54.053307
Sierra Leone,SLE,2013,55.227123
Sierra Leone,SLE,2014,56.399235
Sierra Leone,SLE,2015,57.56926
Sierra Leone,SLE,2016,58.737446
Sierra Leone,SLE,2017,59.90581
Sierra Leone,SLE,2018,61.07471
Sierra Leone,SLE,2019,62.243595
Sierra Leone,SLE,2020,63.412212
Sierra Leone,SLE,2021,64.580315
Sierra Leone,SLE,2022,65.74765
Sierra Leone,SLE,2023,66.91398
Sierra Leone,SLE,2024,68.079025
Singapore,SGP,2000,100.0
Singapore,SGP,2001,100.0
Singapore,SGP,2002,100.0
Singapore,SGP,2003,100.0
Singapore,SGP,2004,100.0
Singapore,SGP,2005,100.0
Singapore,SGP,2006,100.0
Singapore,SGP,2007,100.0
Singapore,SGP,2008,100.0
Singapore,SGP,2009,100.0
Singapore,SGP,2010,100.0
Singapore,SGP,2011,100.0
Singapore,SGP,2012,100.0
Singapore,SGP,2013,100.0
Singapore,SGP,2014,100.0
Singapore,SGP,2015,100.0
Singapore,SGP,2016,100.0
Singapore,SGP,2017,100.0
Singapore,SGP,2018,100.0
Singapore,SGP,2019,100.0
Singapore,SGP,2020,100.0
Singapore,SGP,2021,100.0
Singapore,SGP,2022,100.0
Singapore,SGP,2023,100.0
Singapore,SGP,2024,100.0
Sint Maarten (Dutch part),SXM,2000,98.58852
Sint Maarten (Dutch part),SXM,2001,98.644104
Sint Maarten (Dutch part),SXM,2002,98.69969
Sint Maarten (Dutch part),SXM,2003,98.75528
Sint Maarten (Dutch part),SXM,2004,98.810875
Sint Maarten (Dutch part),SXM,2005,98.86646
Sint Maarten (Dutch part),SXM,2006,98.92205
Sint Maarten (Dutch part),SXM,2007,98.97764
Sint Maarten (Dutch part),SXM,2008,99.03323
Sint Maarten (Dutch part),SXM,2009,99.08882
Sint Maarten (Dutch part),SXM,2010,99.14441
Sint Maarten (Dutch part),SXM,2011,99.2
Sint Maarten (Dutch part),SXM,2012,99.25559
Sint Maarten (Dutch part),SXM,2013,99.31118
Sint Maarten (Dutch part),SXM,2014,99.31118
Sint Maarten (Dutch part),SXM,2015,99.31118
Sint Maarten (Dutch part),SXM,2016,99.31118
Sint Maarten (Dutch part),SXM,2017,99.31118
Slovakia,SVK,2000,97.980896
Slovakia,SVK,2001,97.97942
Slovakia,SVK,2002,97.97627
Slovakia,SVK,2003,97.97312
Slovakia,SVK,2004,97.96997
Slovakia,SVK,2005,97.96682
Slovakia,SVK,2006,97.96365
Slovakia,SVK,2007,97.96048
Slovakia,SVK,2008,97.95734
Slovakia,SVK,2009,98.25165
Slovakia,SVK,2010,98.62234
Slovakia,SVK,2011,98.99754
Slovakia,SVK,2012,99.37583
Slovakia,SVK,2013,99.52017
Slovakia,SVK,2014,99.78675
Slovakia,SVK,2015,99.78719
Slovakia,SVK,2016,99.78751
Slovakia,SVK,2017,99.787735
Slovakia,SVK,2018,99.787834
Slovakia,SVK,2019,99.78782
Slovakia,SVK,2020,99.787704
Slovakia,SVK,2021,99.78746
Slovakia,SVK,2022,99.78711
Slovakia,SVK,2023,99.786644
Slovakia,SVK,2024,99.78607
Slovenia,SVN,2000,99.68923
Slovenia,SVN,2001,99.68424
Slovenia,SVN,2002,99.67926
Slovenia,SVN,2003,99.67428
Slovenia,SVN,2004,99.6693
Slovenia,SVN,2005,99.66431
Slovenia,SVN,2006,99.659325
Slovenia,SVN,2007,99.65434
Slovenia,SVN,2008,99.64935
Slovenia,SVN,2009,99.64437
Slovenia,SVN,2010,99.63939
Slovenia,SVN,2011,99.63441
Slovenia,SVN,2012,99.62942
Slovenia,SVN,2013,99.624435
Slovenia,SVN,2014,99.61945
Slovenia,SVN,2015,99.61446
Slovenia,SVN,2016,99.60948
Slovenia,SVN,2017,99.6045
Slovenia,SVN,2018,99.59952
Slovenia,SVN,2019,99.59453
Slovenia,SVN,2020,99.58955
Slovenia,SVN,2021,99.584564
Slovenia,SVN,2022,99.579575
Slovenia,SVN,2023,99.57459
Slovenia,SVN,2024,99.57459
Solomon Islands,SLB,2000,76.74769
Solomon Islands,SLB,2001,76.80666
Solomon Islands,SLB,2002,76.86685
Solomon Islands,SLB,2003,76.92826
Solomon Islands,SLB,2004,76.99088
Solomon Islands,SLB,2005,76.71515
Solomon Islands,SLB,2006,76.2782
Solomon Islands,SLB,2007,75.850815
Solomon Islands,SLB,2008,75.43333
Solomon Islands,SLB,2009,75.025505
Solomon Islands,SLB,2010,74.62768
Solomon Islands,SLB,2011,74.23859
Solomon Islands,SLB,2012,73.858406
Solomon Islands,SLB,2013,73.486946
Solomon Islands,SLB,2014,73.12396
Solomon Islands,SLB,2015,72.76965
Solomon Islands,SLB,2016,72.42353
Solomon Islands,SLB,2017,72.08579
Solomon Islands,SLB,2018,71.761505
Solomon Islands,SLB,2019,71.58489
Solomon Islands,SLB,2020,71.41298
Solomon Islands,SLB,2021,71.24548
Solomon Islands,SLB,2022,71.367386
Solomon Islands,SLB,2023,71.48847
Solomon Islands,SLB,2024,71.60903
Somalia,SOM,2000,26.554829
Somalia,SOM,2001,27.710966
Somalia,SOM,2002,28.862886
Somalia,SOM,2003,30.224577
Somalia,SOM,2004,31.578945
Somalia,SOM,2005,33.431435
Somalia,SOM,2006,35.33958
Somalia,SOM,2007,35.52331
Somalia,SOM,2008,37.97607
Somalia,SOM,2009,40.46678
Somalia,SOM,2010,42.991436
Somalia,SOM,2011,45.54109
Somalia,SOM,2012,47.605667
Somalia,SOM,2013,49.713455
Somalia,SOM,2014,51.863575
Somalia,SOM,2015,54.054592
Somalia,SOM,2016,56.284977
Somalia,SOM,2017,58.552418
Somalia,SOM,2018,60.855286
Somalia,SOM,2019,63.190975
Somalia,SOM,2020,65.55782
Somalia,SOM,2021,67.9536
Somalia,SOM,2022,70.376335
Somalia,SOM,2023,72.824066
Somalia,SOM,2024,75.2948
South Africa,ZAF,2000,85.956
South Africa,ZAF,2001,86.46224
South Africa,ZAF,2002,86.97574
South Africa,ZAF,2003,87.48564
South Africa,ZAF,2004,87.98649
South Africa,ZAF,2005,88.47753
South Africa,ZAF,2006,88.959366
South Africa,ZAF,2007,89.43204
South Africa,ZAF,2008,89.89583
South Africa,ZAF,2009,90.34985
South Africa,ZAF,2010,90.7949
South Africa,ZAF,2011,91.2308
South Africa,ZAF,2012,91.65782
South Africa,ZAF,2013,92.07544
South Africa,ZAF,2014,92.48434
South Africa,ZAF,2015,92.27668
South Africa,ZAF,2016,92.06339
South Africa,ZAF,2017,91.84466
South Africa,ZAF,2018,91.620865
South Africa,ZAF,2019,91.3924
South Africa,ZAF,2020,91.159836
South Africa,ZAF,2021,90.9231
South Africa,ZAF,2022,90.68253
South Africa,ZAF,2023,90.4387
South Africa,ZAF,2024,90.19168
South Korea,KOR,2002,98.76561
South Korea,KOR,2003,98.76561
South Korea,KOR,2004,98.76561
South Korea,KOR,2005,98.76561
South Korea,KOR,2006,98.76561
South Korea,KOR,2007,98.83704
South Korea,KOR,2008,98.90848
South Korea,KOR,2009,98.97991
South Korea,KOR,2010,99.051346
South Korea,KOR,2011,99.12278
South Korea,KOR,2012,99.194214
South Korea,KOR,2013,99.26564
South Korea,KOR,2014,99.337074
South Korea,KOR,2015,99.40851
South Korea,KOR,2016,99.47994
South Korea,KOR,2017,99.55138
South Korea,KOR,2018,99.62281
South Korea,KOR,2019,99.69424
South Korea,KOR,2020,99.76567
South Korea,KOR,2021,99.837105
South Korea,KOR,2022,99.90854
South Korea,KOR,2023,99.97997
South Korea,KOR,2024,100.0
South Sudan,SSD,2011,40.29792
South Sudan,SSD,2012,40.318222
South Sudan,SSD,2013,40.317005
South Sudan,SSD,2014,40.2951
South Sudan,SSD,2015,40.253815
South Sudan,SSD,2016,40.193924
South Sudan,SSD,2017,40.11642
South Sudan,SSD,2018,40.022614
South Sudan,SSD,2019,39.913624
South Sudan,SSD,2020,39.79093
South Sudan,SSD,2021,39.65549
South Sudan,SSD,2022,39.509228
South Sudan,SSD,2023,39.626644
South Sudan,SSD,2024,39.74944
South-East Asia (WHO),WHO_SEAR,2000,80.96148
South-East Asia (WHO),WHO_SEAR,2001,81.50491
South-East Asia (WHO),WHO_SEAR,2002,82.12741
South-East Asia (WHO),WHO_SEAR,2003,82.77009
South-East Asia (WHO),WHO_SEAR,2004,83.41179
South-East Asia (WHO),WHO_SEAR,2005,84.0502
South-East Asia (WHO),WHO_SEAR,2006,84.68748
South-East Asia (WHO),WHO_SEAR,2007,85.323685
South-East Asia (WHO),WHO_SEAR,2008,85.96005
South-East Asia (WHO),WHO_SEAR,2009,86.59453
South-East Asia (WHO),WHO_SEAR,2010,87.22583
South-East Asia (WHO),WHO_SEAR,2011,87.855774
South-East Asia (WHO),WHO_SEAR,2012,88.48601
South-East Asia (WHO),WHO_SEAR,2013,89.11578
South-East Asia (WHO),WHO_SEAR,2014,89.74515
South-East Asia (WHO),WHO_SEAR,2015,90.37393
South-East Asia (WHO),WHO_SEAR,2016,91.00182
South-East Asia (WHO),WHO_SEAR,2017,91.62858
South-East Asia (WHO),WHO_SEAR,2018,92.25292
South-East Asia (WHO),WHO_SEAR,2019,92.87372
South-East Asia (WHO),WHO_SEAR,2020,93.49199
South-East Asia (WHO),WHO_SEAR,2021,94.11772
South-East Asia (WHO),WHO_SEAR,2022,94.66945
South-East Asia (WHO),WHO_SEAR,2023,95.21328
South-East Asia (WHO),WHO_SEAR,2024,95.78707
Spain,ESP,2000,100.0
Spain,ESP,2001,100.0
Spain,ESP,2002,100.0
Spain,ESP,2003,100.0
Spain,ESP,2004,100.0
Spain,ESP,2005,100.0
Spain,ESP,2006,100.0
Spain,ESP,2007,100.0
Spain,ESP,2008,100.0
Spain,ESP,2009,100.0
Spain,ESP,2010,100.0
Spain,ESP,2011,100.0
Spain,ESP,2012,99.98617
Spain,ESP,2013,99.95664
Spain,ESP,2014,99.92694
Spain,ESP,2015,99.92672
Spain,ESP,2016,99.926506
Spain,ESP,2017,99.92628
Spain,ESP,2018,99.92606
Spain,ESP,2019,99.925835
Spain,ESP,2020,99.925606
Spain,ESP,2021,99.925385
Spain,ESP,2022,99.92515
Spain,ESP,2023,99.92493
Spain,ESP,2024,99.9247
Sri Lanka,LKA,2000,83.675064
Sri Lanka,LKA,2001,83.920364
Sri Lanka,LKA,2002,84.19811
Sri Lanka,LKA,2003,84.476234
Sri Lanka,LKA,2004,84.754585
Sri Lanka,LKA,2005,85.03303
Sri Lanka,LKA,2006,85.311844
Sri Lanka,LKA,2007,85.59076
Sri Lanka,LKA,2008,85.87003
Sri Lanka,LKA,2009,86.14954
Sri Lanka,LKA,2010,86.42915
Sri Lanka,LKA,2011,86.70912
Sri Lanka,LKA,2012,86.98933
Sri Lanka,LKA,2013,87.27174
Sri Lanka,LKA,2014,87.55636
Sri Lanka,LKA,2015,87.84305
Sri Lanka,LKA,2016,88.13156
Sri Lanka,LKA,2017,88.421875
Sri Lanka,LKA,2018,88.71396
Sri Lanka,LKA,2019,89.00747
Sri Lanka,LKA,2020,89.30248
Sri Lanka,LKA,2021,89.59884
Sri Lanka,LKA,2022,89.8964
Sri Lanka,LKA,2023,90.19503
Sri Lanka,LKA,2024,90.213844
Sub-Saharan Africa (UN SDG),UNSDG_SSA,2000,45.33523
Sub-Saharan Africa (UN SDG),UNSDG_SSA,2001,46.134773
Sub-Saharan Africa (UN SDG),UNSDG_SSA,2002,47.01812
Sub-Saharan Africa (UN SDG),UNSDG_SSA,2003,47.935745
Sub-Saharan Africa (UN SDG),UNSDG_SSA,2004,48.864307
Sub-Saharan Africa (UN SDG),UNSDG_SSA,2005,49.80893
Sub-Saharan Africa (UN SDG),UNSDG_SSA,2006,50.7738
Sub-Saharan Africa (UN SDG),UNSDG_SSA,2007,51.706306
Sub-Saharan Africa (UN SDG),UNSDG_SSA,2008,52.69125
Sub-Saharan Africa (UN SDG),UNSDG_SSA,2009,53.681767
Sub-Saharan Africa (UN SDG),UNSDG_SSA,2010,54.673462
Sub-Saharan Africa (UN SDG),UNSDG_SSA,2011,55.49316
Sub-Saharan Africa (UN SDG),UNSDG_SSA,2012,56.472736
Sub-Saharan Africa (UN SDG),UNSDG_SSA,2013,57.452263
Sub-Saharan Africa (UN SDG),UNSDG_SSA,2014,58.44148
Sub-Saharan Africa (UN SDG),UNSDG_SSA,2015,59.407066
Sub-Saharan Africa (UN SDG),UNSDG_SSA,2016,60.34688
Sub-Saharan Africa (UN SDG),UNSDG_SSA,2017,61.28961
Sub-Saharan Africa (UN SDG),UNSDG_SSA,2018,62.216713
Sub-Saharan Africa (UN SDG),UNSDG_SSA,2019,63.137856
Sub-Saharan Africa (UN SDG),UNSDG_SSA,2020,64.05241
Sub-Saharan Africa (UN SDG),UNSDG_SSA,2021,64.96637
Sub-Saharan Africa (UN SDG),UNSDG_SSA,2022,65.74561
Sub-Saharan Africa (UN SDG),UNSDG_SSA,2023,66.68543
Sub-Saharan Africa (UN SDG),UNSDG_SSA,2024,67.538414
Sudan,SDN,2000,45.74312
Sudan,SDN,2001,45.756744
Sudan,SDN,2002,45.77037
Sudan,SDN,2003,45.783993
Sudan,SDN,2004,45.797623
Sudan,SDN,2005,46.740257
Sudan,SDN,2006,47.682297
Sudan,SDN,2007,48.62374
Sudan,SDN,2008,49.564594
Sudan,SDN,2009,50.50966
Sudan,SDN,2010,51.458813
Sudan,SDN,2011,52.411682
Sudan,SDN,2012,53.367683
Sudan,SDN,2013,54.32667
Sudan,SDN,2014,55.28808
Sudan,SDN,2015,56.251934
Sudan,SDN,2016,57.217667
Sudan,SDN,2017,58.184906
Sudan,SDN,2018,59.15346
Sudan,SDN,2019,60.122772
Sudan,SDN,2020,61.092636
Sudan,SDN,2021,62.062664
Sudan,SDN,2022,63.032475
Sudan,SDN,2023,64.00167
Sudan,SDN,2024,64.891716
Suriname,SUR,2000,89.06165
Suriname,SUR,2001,89.529785
Suriname,SUR,2002,89.99603
Suriname,SUR,2003,90.459946
Suriname,SUR,2004,90.92175
Suriname,SUR,2005,91.35679
Suriname,SUR,2006,91.790504
Suriname,SUR,2007,92.22517
Suriname,SUR,2008,92.66098
Suriname,SUR,2009,93.09808
Suriname,SUR,2010,93.53617
Suriname,SUR,2011,93.975395
Suriname,SUR,2012,94.41576
Suriname,SUR,2013,94.857254
Suriname,SUR,2014,95.30139
Suriname,SUR,2015,95.74769
Suriname,SUR,2016,96.19546
Suriname,SUR,2017,96.64411
Suriname,SUR,2018,97.09311
Suriname,SUR,2019,97.54177
Suriname,SUR,2020,97.98963
Suriname,SUR,2021,97.99113
Suriname,SUR,2022,97.99301
Suriname,SUR,2023,97.99523
Suriname,SUR,2024,97.99785
Sweden,SWE,2000,99.48437
Sweden,SWE,2001,99.496376
Sweden,SWE,2002,99.50854
Sweden,SWE,2003,99.52065
Sweden,SWE,2004,99.53271
Sweden,SWE,2005,99.54471
Sweden,SWE,2006,99.55711
Sweden,SWE,2007,99.56984
Sweden,SWE,2008,99.582436
Sweden,SWE,2009,99.5949
Sweden,SWE,2010,99.607216
Sweden,SWE,2011,99.62003
Sweden,SWE,2012,99.63321
Sweden,SWE,2013,99.64609
Sweden,SWE,2014,99.658676
Sweden,SWE,2015,99.671005
Sweden,SWE,2016,99.683044
Sweden,SWE,2017,99.69483
Sweden,SWE,2018,99.706345
Sweden,SWE,2019,99.7176
Sweden,SWE,2020,99.72861
Sweden,SWE,2021,99.739365
Sweden,SWE,2022,99.749916
Sweden,SWE,2023,99.76024
Sweden,SWE,2024,99.760796
Switzerland,CHE,2000,100.0
Switzerland,CHE,2001,100.0
Switzerland,CHE,2002,100.0
Switzerland,CHE,2003,100.0
Switzerland,CHE,2004,100.0
Switzerland,CHE,2005,100.0
Switzerland,CHE,2006,100.0
Switzerland,CHE,2007,100.0
Switzerland,CHE,2008,100.0
Switzerland,CHE,2009,100.0
Switzerland,CHE,2010,100.0
Switzerland,CHE,2011,100.0
Switzerland,CHE,2012,100.0
Switzerland,CHE,2013,100.0
Switzerland,CHE,2014,100.0
Switzerland,CHE,2015,100.0
Switzerland,CHE,2016,100.0
Switzerland,CHE,2017,100.0
Switzerland,CHE,2018,100.0
Switzerland,CHE,2019,100.0
Switzerland,CHE,2020,100.0
Switzerland,CHE,2021,100.0
Switzerland,CHE,2022,100.0
Switzerland,CHE,2023,100.0
Switzerland,CHE,2024,100.0
Syria,SYR,2000,91.61585
Syria,SYR,2001,91.75862
Syria,SYR,2002,91.89977
Syria,SYR,2003,92.039154
Syria,SYR,2004,92.1769
Syria,SYR,2005,92.31275
Syria,SYR,2006,92.446846
Syria,SYR,2007,92.57933
Syria,SYR,2008,92.71006
Syria,SYR,2009,92.839
Syria,SYR,2010,92.96631
Syria,SYR,2011,93.014244
Syria,SYR,2012,93.06661
Syria,SYR,2013,93.12366
Syria,SYR,2014,93.18529
Syria,SYR,2015,93.33137
Syria,SYR,2016,93.47432
Syria,SYR,2017,93.614105
Syria,SYR,2018,93.75071
Syria,SYR,2019,93.88414
Syria,SYR,2020,94.01435
Syria,SYR,2021,94.05369
Syria,SYR,2022,94.077934
Syria,SYR,2023,94.102036
Syria,SYR,2024,94.12599
Tajikistan,TJK,2000,55.473003
Tajikistan,TJK,2001,56.94821
Tajikistan,TJK,2002,58.430775
Tajikistan,TJK,2003,59.92069
Tajikistan,TJK,2004,61.41755
Tajikistan,TJK,2005,62.922188
Tajikistan,TJK,2006,64.43417
Tajikistan,TJK,2007,65.95352
Tajikistan,TJK,2008,67.48022
Tajikistan,TJK,2009,69.01426
Tajikistan,TJK,2010,70.55566
Tajikistan,TJK,2011,72.10412
Tajikistan,TJK,2012,73.66607
Tajikistan,TJK,2013,75.23949
Tajikistan,TJK,2014,76.823715
Tajikistan,TJK,2015,78.41729
Tajikistan,TJK,2016,80.01921
Tajikistan,TJK,2017,81.628204
Tajikistan,TJK,2018,83.242836
Tajikistan,TJK,2019,84.86212
Tajikistan,TJK,2020,86.29581
Tajikistan,TJK,2021,87.72462
Tajikistan,TJK,2022,89.14723
Tajikistan,TJK,2023,89.16844
Tajikistan,TJK,2024,89.191475
Tanzania,TZA,2000,28.611532
Tanzania,TZA,2001,29.867762
Tanzania,TZA,2002,31.124126
Tanzania,TZA,2003,32.4758
Tanzania,TZA,2004,33.947117
Tanzania,TZA,2005,35.428352
Tanzania,TZA,2006,36.919506
Tanzania,TZA,2007,38.419598
Tanzania,TZA,2008,39.929058
Tanzania,TZA,2009,41.445488
Tanzania,TZA,2010,42.970222
Tanzania,TZA,2011,44.501354
Tanzania,TZA,2012,46.039227
Tanzania,TZA,2013,47.58197
Tanzania,TZA,2014,49.127773
Tanzania,TZA,2015,50.676167
Tanzania,TZA,2016,52.225857
Tanzania,TZA,2017,53.776814
Tanzania,TZA,2018,55.328186
Tanzania,TZA,2019,56.878746
Tanzania,TZA,2020,58.42887
Tanzania,TZA,2021,59.97699
Tanzania,TZA,2022,61.5231
Tanzania,TZA,2023,63.06609
Tanzania,TZA,2024,64.605965
Thailand,THA,2000,93.77659
Thailand,THA,2001,94.14053
Thailand,THA,2002,94.49989
Thailand,THA,2003,94.854324
Thailand,THA,2004,95.20367
Thailand,THA,2005,95.5388
Thailand,THA,2006,95.86825
Thailand,THA,2007,96.191666
Thailand,THA,2008,96.50891
Thailand,THA,2009,96.81969
Thailand,THA,2010,97.124016
Thailand,THA,2011,97.40829
Thailand,THA,2012,97.68572
Thailand,THA,2013,97.95924
Thailand,THA,2014,98.228874
Thailand,THA,2015,98.494576
Thailand,THA,2016,98.75636
Thailand,THA,2017,99.01417
Thailand,THA,2018,99.24534
Thailand,THA,2019,99.42877
Thailand,THA,2020,99.48757
Thailand,THA,2021,99.95123
Thailand,THA,2022,100.0
Thailand,THA,2023,100.0
Thailand,THA,2024,100.0
Togo,TGO,2000,45.840107
Togo,TGO,2001,47.206654
Togo,TGO,2002,48.548645
Togo,TGO,2003,49.865715
Togo,TGO,2004,51.002296
Togo,TGO,2005,51.94533
Togo,TGO,2006,52.85337
Togo,TGO,2007,53.72648
Togo,TGO,2008,54.565163
Togo,TGO,2009,55.367737
Togo,TGO,2010,56.13607
Togo,TGO,2011,56.877895
Togo,TGO,2012,57.58879
Togo,TGO,2013,58.263294
Togo,TGO,2014,58.902283
Togo,TGO,2015,59.505867
Togo,TGO,2016,60.075314
Togo,TGO,2017,60.610245
Togo,TGO,2018,61.110615
Togo,TGO,2019,61.57639
Togo,TGO,2020,62.007523
Togo,TGO,2021,62.404
Togo,TGO,2022,62.765614
Togo,TGO,2023,63.782406
Togo,TGO,2024,64.78625
Tokelau,TKL,2000,97.21573
Tokelau,TKL,2001,97.35876
Tokelau,TKL,2002,97.501785
Tokelau,TKL,2003,97.64481
Tokelau,TKL,2004,97.78784
Tokelau,TKL,2005,97.93087
Tokelau,TKL,2006,98.0739
Tokelau,TKL,2007,98.21693
Tokelau,TKL,2008,98.359955
Tokelau,TKL,2009,98.50298
Tokelau,TKL,2010,98.64601
Tokelau,TKL,2011,98.78904
Tokelau,TKL,2012,98.93207
Tokelau,TKL,2013,99.07509
Tokelau,TKL,2014,99.21812
Tokelau,TKL,2015,99.361145
Tokelau,TKL,2016,99.50417
Tokelau,TKL,2017,99.6472
Tokelau,TKL,2018,99.79023
Tokelau,TKL,2019,99.93326
Tokelau,TKL,2020,100.0
Tokelau,TKL,2021,100.0
Tokelau,TKL,2022,100.0
Tokelau,TKL,2023,100.0
Tokelau,TKL,2024,100.0
Tonga,TON,2000,98.541046
Tonga,TON,2001,98.54076
Tonga,TON,2002,98.54048
Tonga,TON,2003,98.540184
Tonga,TON,2004,98.539894
Tonga,TON,2005,98.58559
Tonga,TON,2006,98.6313
Tonga,TON,2007,98.67695
Tonga,TON,2008,98.722565
Tonga,TON,2009,98.76824
Tonga,TON,2010,98.813995
Tonga,TON,2011,98.80974
Tonga,TON,2012,98.80582
Tonga,TON,2013,98.801926
Tonga,TON,2014,98.79783
Tonga,TON,2015,98.79355
Tonga,TON,2016,98.78907
Tonga,TON,2017,98.7844
Tonga,TON,2018,98.77964
Tonga,TON,2019,98.77483
Tonga,TON,2020,98.77009
Tonga,TON,2021,98.76543
Tonga,TON,2022,98.81148
Tonga,TON,2023,98.857735
Tonga,TON,2024,98.858345
Trinidad and Tobago,TTO,2005,97.30942
Trinidad and Tobago,TTO,2006,97.30974
Trinidad and Tobago,TTO,2007,97.31006
Trinidad and Tobago,TTO,2008,97.31039
Trinidad and Tobago,TTO,2009,97.31071
Trinidad and Tobago,TTO,2010,97.44027
Trinidad and Tobago,TTO,2011,97.5697
Trinidad and Tobago,TTO,2012,97.69898
Trinidad and Tobago,TTO,2013,97.82815
Trinidad and Tobago,TTO,2014,97.95723
Trinidad and Tobago,TTO,2015,98.08626
Trinidad and Tobago,TTO,2016,98.21526
Trinidad and Tobago,TTO,2017,98.34428
Trinidad and Tobago,TTO,2018,98.473335
Trinidad and Tobago,TTO,2019,98.60246
Trinidad and Tobago,TTO,2020,98.7317
Trinidad and Tobago,TTO,2021,98.86107
Trinidad and Tobago,TTO,2022,98.99061
Trinidad and Tobago,TTO,2023,99.12034
Trinidad and Tobago,TTO,2024,99.250305
Tunisia,TUN,2000,87.53645
Tunisia,TUN,2001,87.847244
Tunisia,TUN,2002,88.13898
Tunisia,TUN,2003,88.4265
Tunisia,TUN,2004,88.70512
Tunisia,TUN,2005,88.958855
Tunisia,TUN,2006,89.209656
Tunisia,TUN,2007,89.45698
Tunisia,TUN,2008,89.886826
Tunisia,TUN,2009,90.34339
Tunisia,TUN,2010,90.79591
Tunisia,TUN,2011,91.24482
Tunisia,TUN,2012,91.68983
Tunisia,TUN,2013,92.130516
Tunisia,TUN,2014,92.56746
Tunisia,TUN,2015,93.00175
Tunisia,TUN,2016,93.4329
Tunisia,TUN,2017,93.86062
Tunisia,TUN,2018,94.28474
Tunisia,TUN,2019,94.704796
Tunisia,TUN,2020,95.12038
Tunisia,TUN,2021,95.531296
Tunisia,TUN,2022,95.937256
Tunisia,TUN,2023,96.3378
Tunisia,TUN,2024,96.73279
Turkey,TUR,2000,92.520775
Turkey,TUR,2001,92.606995
Turkey,TUR,2002,92.81759
Turkey,TUR,2003,93.02409
Turkey,TUR,2004,93.2266
Turkey,TUR,2005,93.42498
Turkey,TUR,2006,93.61948
Turkey,TUR,2007,93.81003
Turkey,TUR,2008,93.996796
Turkey,TUR,2009,94.179665
Turkey,TUR,2010,94.35881
Turkey,TUR,2011,94.53425
Turkey,TUR,2012,94.70611
Turkey,TUR,2013,94.87404
Turkey,TUR,2014,95.03833
Turkey,TUR,2015,95.19904
Turkey,TUR,2016,95.3563
Turkey,TUR,2017,95.510155
Turkey,TUR,2018,95.66077
Turkey,TUR,2019,95.8082
Turkey,TUR,2020,95.952576
Turkey,TUR,2021,95.96141
Turkey,TUR,2022,95.97003
Turkey,TUR,2023,95.97844
Turkey,TUR,2024,95.986626
Turkmenistan,TKM,2000,90.085106
Turkmenistan,TKM,2001,90.44687
Turkmenistan,TKM,2002,90.81088
Turkmenistan,TKM,2003,91.17706
Turkmenistan,TKM,2004,91.54547
Turkmenistan,TKM,2005,92.03738
Turkmenistan,TKM,2006,92.53065
Turkmenistan,TKM,2007,93.02512
Turkmenistan,TKM,2008,93.520256
Turkmenistan,TKM,2009,94.016045
Turkmenistan,TKM,2010,94.413864
Turkmenistan,TKM,2011,94.91648
Turkmenistan,TKM,2012,95.41894
Turkmenistan,TKM,2013,95.92095
Turkmenistan,TKM,2014,96.42214
Turkmenistan,TKM,2015,96.922325
Turkmenistan,TKM,2016,97.42116
Turkmenistan,TKM,2017,97.91834
Turkmenistan,TKM,2018,98.31091
Turkmenistan,TKM,2019,98.97444
Turkmenistan,TKM,2020,99.39665
Turkmenistan,TKM,2021,99.61085
Turkmenistan,TKM,2022,99.82057
Turkmenistan,TKM,2023,99.928154
Turkmenistan,TKM,2024,99.92196
Turks and Caicos Islands,TCA,2016,98.68941
Turks and Caicos Islands,TCA,2017,98.71179
Turks and Caicos Islands,TCA,2018,98.73275
Turks and Caicos Islands,TCA,2019,98.7523
Turks and Caicos Islands,TCA,2020,98.77057
Turks and Caicos Islands,TCA,2021,98.78765
Turks and Caicos Islands,TCA,2022,98.803535
Turks and Caicos Islands,TCA,2023,98.81846
Turks and Caicos Islands,TCA,2024,98.83234
Tuvalu,TUV,2000,98.948906
Tuvalu,TUV,2001,98.95477
Tuvalu,TUV,2002,98.960075
Tuvalu,TUV,2003,98.96373
Tuvalu,TUV,2004,98.965546
Tuvalu,TUV,2005,98.96595
Tuvalu,TUV,2006,98.96493
Tuvalu,TUV,2007,98.96249
Tuvalu,TUV,2008,98.95863
Tuvalu,TUV,2009,98.953384
Tuvalu,TUV,2010,98.94675
Tuvalu,TUV,2011,98.93873
Tuvalu,TUV,2012,98.92933
Tuvalu,TUV,2013,98.91862
Tuvalu,TUV,2014,98.9068
Tuvalu,TUV,2015,98.89393
Tuvalu,TUV,2016,98.8801
Tuvalu,TUV,2017,98.86536
Tuvalu,TUV,2018,98.84976
Tuvalu,TUV,2019,98.833374
Tuvalu,TUV,2020,98.81625
Tuvalu,TUV,2021,98.79845
Tuvalu,TUV,2022,98.78003
Tuvalu,TUV,2023,98.76105
Tuvalu,TUV,2024,98.74154
Uganda,UGA,2000,26.235704
Uganda,UGA,2001,27.529882
Uganda,UGA,2002,28.850449
Uganda,UGA,2003,30.196743
Uganda,UGA,2004,31.568563
Uganda,UGA,2005,32.963303
Uganda,UGA,2006,34.382626
Uganda,UGA,2007,35.824383
Uganda,UGA,2008,37.28873
Uganda,UGA,2009,38.774
Uganda,UGA,2010,40.280254
Uganda,UGA,2011,41.80625
Uganda,UGA,2012,43.35154
Uganda,UGA,2013,44.914078
Uganda,UGA,2014,46.494545
Uganda,UGA,2015,48.09126
Uganda,UGA,2016,49.702606
Uganda,UGA,2017,51.32773
Uganda,UGA,2018,52.965107
Uganda,UGA,2019,54.61487
Uganda,UGA,2020,56.275173
Uganda,UGA,2021,57.9452
Uganda,UGA,2022,59.624367
Uganda,UGA,2023,61.311523
Uganda,UGA,2024,63.005802
Ukraine,UKR,2000,98.20391
Ukraine,UKR,2001,98.247406
Ukraine,UKR,2002,98.2726
Ukraine,UKR,2003,98.26404
Ukraine,UKR,2004,97.79284
Ukraine,UKR,2005,97.3193
Ukraine,UKR,2006,96.84238
Ukraine,UKR,2007,96.36249
Ukraine,UKR,2008,95.87966
Ukraine,UKR,2009,95.393906
Ukraine,UKR,2010,94.90721
Ukraine,UKR,2011,94.4191
Ukraine,UKR,2012,93.929565
Ukraine,UKR,2013,93.75842
Ukraine,UKR,2014,93.28569
Ukraine,UKR,2015,93.31873
Ukraine,UKR,2016,93.35138
Ukraine,UKR,2017,93.383705
Ukraine,UKR,2018,93.41454
Ukraine,UKR,2019,93.44372
Ukraine,UKR,2020,93.47121
Ukraine,UKR,2021,93.49694
Ukraine,UKR,2022,93.5209
Ukraine,UKR,2023,93.51733
Ukraine,UKR,2024,93.479095
United Arab Emirates,ARE,2000,99.61584
United Arab Emirates,ARE,2001,99.61389
United Arab Emirates,ARE,2002,99.634796
United Arab Emirates,ARE,2003,99.65597
United Arab Emirates,ARE,2004,99.677376
United Arab Emirates,ARE,2005,99.69903
United Arab Emirates,ARE,2006,99.72092
United Arab Emirates,ARE,2007,99.74304
United Arab Emirates,ARE,2008,99.76541
United Arab Emirates,ARE,2009,99.787994
United Arab Emirates,ARE,2010,99.81079
United Arab Emirates,ARE,2011,99.8338
United Arab Emirates,ARE,2012,99.85701
United Arab Emirates,ARE,2013,99.88041
United Arab Emirates,ARE,2014,99.90399
United Arab Emirates,ARE,2015,99.92775
United Arab Emirates,ARE,2016,99.951675
United Arab Emirates,ARE,2017,99.97576
United Arab Emirates,ARE,2018,100.0
United Arab Emirates,ARE,2019,100.0
United Arab Emirates,ARE,2020,100.0
United Arab Emirates,ARE,2021,100.0
United Arab Emirates,ARE,2022,100.0
United Arab Emirates,ARE,2023,100.0
United Arab Emirates,ARE,2024,100.0
United Kingdom,GBR,2000,100.0
United Kingdom,GBR,2001,100.0
United Kingdom,GBR,2002,100.0
United Kingdom,GBR,2003,100.0
United Kingdom,GBR,2004,100.0
United Kingdom,GBR,2005,100.0
United Kingdom,GBR,2006,100.0
United Kingdom,GBR,2007,100.0
United Kingdom,GBR,2008,100.0
United Kingdom,GBR,2009,100.0
United Kingdom,GBR,2010,100.0
United Kingdom,GBR,2011,100.0
United Kingdom,GBR,2012,100.0
United Kingdom,GBR,2013,100.0
United Kingdom,GBR,2014,100.0
United Kingdom,GBR,2015,100.0
United Kingdom,GBR,2016,100.0
United Kingdom,GBR,2017,100.0
United Kingdom,GBR,2018,100.0
United Kingdom,GBR,2019,100.0
United Kingdom,GBR,2020,100.0
United Kingdom,GBR,2021,100.0
United Kingdom,GBR,2022,100.0
United Kingdom,GBR,2023,100.0
United Kingdom,GBR,2024,100.0
United States,USA,2005,98.89697
United States,USA,2006,98.90382
United States,USA,2007,98.91061
United States,USA,2008,98.917366
United States,USA,2009,98.92409
United States,USA,2010,99.01065
United States,USA,2011,99.09637
United States,USA,2012,99.181114
United States,USA,2013,99.26489
United States,USA,2014,99.34764
United States,USA,2015,99.42934
United States,USA,2016,99.509895
United States,USA,2017,99.58934
United States,USA,2018,99.66758
United States,USA,2019,99.74463
United States,USA,2020,99.82042
United States,USA,2021,99.89494
United States,USA,2022,99.96411
United States,USA,2023,99.9805
United States,USA,2024,99.980446
United States Virgin Islands,VIR,2000,98.4974
United States Virgin Islands,VIR,2001,98.54141
United States Virgin Islands,VIR,2002,98.58543
United States Virgin Islands,VIR,2003,98.62944
United States Virgin Islands,VIR,2004,98.673454
United States Virgin Islands,VIR,2005,98.71747
United States Virgin Islands,VIR,2006,98.761475
United States Virgin Islands,VIR,2007,98.80549
United States Virgin Islands,VIR,2008,98.8495
United States Virgin Islands,VIR,2009,98.89352
United States Virgin Islands,VIR,2010,98.93753
United States Virgin Islands,VIR,2011,98.981544
United States Virgin Islands,VIR,2012,99.02555
United States Virgin Islands,VIR,2013,99.069565
United States Virgin Islands,VIR,2014,99.11358
United States Virgin Islands,VIR,2015,99.15759
United States Virgin Islands,VIR,2016,99.20161
United States Virgin Islands,VIR,2017,99.24562
United States Virgin Islands,VIR,2018,99.28963
United States Virgin Islands,VIR,2019,99.33364
United States Virgin Islands,VIR,2020,99.377655
United States Virgin Islands,VIR,2021,99.42167
United States Virgin Islands,VIR,2022,99.46568
United States Virgin Islands,VIR,2023,99.46568
United States Virgin Islands,VIR,2024,99.46568
Upper-middle-income countries,OWID_UMC,2000,84.17238
Upper-middle-income countries,OWID_UMC,2001,84.56795
Upper-middle-income countries,OWID_UMC,2002,85.28837
Upper-middle-income countries,OWID_UMC,2003,85.99428
Upper-middle-income countries,OWID_UMC,2004,86.67663
Upper-middle-income countries,OWID_UMC,2005,87.34032
Upper-middle-income countries,OWID_UMC,2006,87.98428
Upper-middle-income countries,OWID_UMC,2007,88.60191
Upper-middle-income countries,OWID_UMC,2008,89.222565
Upper-middle-income countries,OWID_UMC,2009,89.80022
Upper-middle-income countries,OWID_UMC,2010,90.35016
Upper-middle-income countries,OWID_UMC,2011,90.851234
Upper-middle-income countries,OWID_UMC,2012,91.33043
Upper-middle-income countries,OWID_UMC,2013,91.79735
Upper-middle-income countries,OWID_UMC,2014,92.243484
Upper-middle-income countries,OWID_UMC,2015,92.66973
Upper-middle-income countries,OWID_UMC,2016,93.07728
Upper-middle-income countries,OWID_UMC,2017,93.42954
Upper-middle-income countries,OWID_UMC,2018,93.80821
Upper-middle-income countries,OWID_UMC,2019,94.16661
Upper-middle-income countries,OWID_UMC,2020,94.50746
Upper-middle-income countries,OWID_UMC,2021,94.961235
Upper-middle-income countries,OWID_UMC,2022,95.45649
Upper-middle-income countries,OWID_UMC,2023,95.80441
Upper-middle-income countries,OWID_UMC,2024,95.81757
Uruguay,URY,2000,97.06156
Uruguay,URY,2001,97.12424
Uruguay,URY,2002,97.19621
Uruguay,URY,2003,97.266655
Uruguay,URY,2004,97.335106
Uruguay,URY,2005,97.53285
Uruguay,URY,2006,97.72304
Uruguay,URY,2007,97.905716
Uruguay,URY,2008,98.08139
Uruguay,URY,2009,98.25015
Uruguay,URY,2010,98.41262
Uruguay,URY,2011,98.568886
Uruguay,URY,2012,98.71115
Uruguay,URY,2013,98.84757
Uruguay,URY,2014,98.98115
Uruguay,URY,2015,99.11195
Uruguay,URY,2016,99.240135
Uruguay,URY,2017,99.3656
Uruguay,URY,2018,99.488525
Uruguay,URY,2019,99.55455
Uruguay,URY,2020,99.570305
Uruguay,URY,2021,99.58604
Uruguay,URY,2022,99.60166
Uruguay,URY,2023,99.61721
Uruguay,URY,2024,99.63269
Uzbekistan,UZB,2000,87.3126
Uzbekistan,UZB,2001,87.803444
Uzbekistan,UZB,2002,88.29018
Uzbekistan,UZB,2003,88.772545
Uzbekistan,UZB,2004,89.25035
Uzbekistan,UZB,2005,89.72354
Uzbekistan,UZB,2006,90.192215
Uzbekistan,UZB,2007,90.65618
Uzbekistan,UZB,2008,91.11538
Uzbekistan,UZB,2009,91.56967
Uzbekistan,UZB,2010,92.019226
Uzbekistan,UZB,2011,92.43568
Uzbekistan,UZB,2012,92.824425
Uzbekistan,UZB,2013,93.21602
Uzbekistan,UZB,2014,93.61048
Uzbekistan,UZB,2015,94.00782
Uzbekistan,UZB,2016,94.40804
Uzbekistan,UZB,2017,94.81116
Uzbekistan,UZB,2018,95.218575
Uzbekistan,UZB,2019,95.62744
Uzbekistan,UZB,2020,95.95781
Uzbekistan,UZB,2021,96.28975
Uzbekistan,UZB,2022,96.62281
Uzbekistan,UZB,2023,96.95653
Uzbekistan,UZB,2024,97.29049
Vanuatu,VUT,2000,85.33176
Vanuatu,VUT,2001,85.3746
Vanuatu,VUT,2002,85.417755
Vanuatu,VUT,2003,85.461525
Vanuatu,VUT,2004,85.50559
Vanuatu,VUT,2005,85.74604
Vanuatu,VUT,2006,85.8467
Vanuatu,VUT,2007,85.94651
Vanuatu,VUT,2008,86.0456
Vanuatu,VUT,2009,86.14398
Vanuatu,VUT,2010,86.22274
Vanuatu,VUT,2011,86.28924
Vanuatu,VUT,2012,86.35506
Vanuatu,VUT,2013,86.420044
Vanuatu,VUT,2014,86.484215
Vanuatu,VUT,2015,86.54756
Vanuatu,VUT,2016,86.61022
Vanuatu,VUT,2017,86.67207
Vanuatu,VUT,2018,86.73451
Vanuatu,VUT,2019,86.79738
Vanuatu,VUT,2020,86.86095
Vanuatu,VUT,2021,86.924904
Vanuatu,VUT,2022,86.98952
Vanuatu,VUT,2023,87.05448
Vanuatu,VUT,2024,87.12006
Venezuela,VEN,2000,97.2277
Venezuela,VEN,2001,97.050606
Venezuela,VEN,2002,96.873505
Venezuela,VEN,2003,96.69641
Venezuela,VEN,2004,96.51932
Venezuela,VEN,2005,96.342224
Venezuela,VEN,2006,96.16513
Venezuela,VEN,2007,95.98804
Venezuela,VEN,2008,95.810936
Venezuela,VEN,2009,95.63384
Venezuela,VEN,2010,95.45675
Venezuela,VEN,2011,95.279655
Venezuela,VEN,2012,95.10256
Venezuela,VEN,2013,94.92547
Venezuela,VEN,2014,94.74837
Venezuela,VEN,2015,94.57127
Venezuela,VEN,2016,94.39418
Venezuela,VEN,2017,94.21709
Venezuela,VEN,2018,94.03999
Venezuela,VEN,2019,93.86289
Venezuela,VEN,2020,93.6858
Venezuela,VEN,2021,93.508705
Venezuela,VEN,2022,93.33161
Venezuela,VEN,2023,93.33161
Venezuela,VEN,2024,93.33161
Vietnam,VNM,2000,80.64825
Vietnam,VNM,2001,81.48169
Vietnam,VNM,2002,82.30916
Vietnam,VNM,2003,83.12973
Vietnam,VNM,2004,83.94371
Vietnam,VNM,2005,84.75041
Vietnam,VNM,2006,85.54995
Vietnam,VNM,2007,86.34211
Vietnam,VNM,2008,87.12656
Vietnam,VNM,2009,87.90332
Vietnam,VNM,2010,88.6734
Vietnam,VNM,2011,89.43496
Vietnam,VNM,2012,90.1879
Vietnam,VNM,2013,90.93164
Vietnam,VNM,2014,91.6664
Vietnam,VNM,2015,92.39186
Vietnam,VNM,2016,93.10779
Vietnam,VNM,2017,93.8137
Vietnam,VNM,2018,94.832794
Vietnam,VNM,2019,95.634254
Vietnam,VNM,2020,96.29417
Vietnam,VNM,2021,96.927086
Vietnam,VNM,2022,97.54928
Vietnam,VNM,2023,98.16066
Vietnam,VNM,2024,98.761246
Wallis and Futuna,WLF,2000,99.61854
Wallis and Futuna,WLF,2001,99.61854
Wallis and Futuna,WLF,2002,99.60261
Wallis and Futuna,WLF,2003,99.58667
Wallis and Futuna,WLF,2004,99.57074
Wallis and Futuna,WLF,2005,99.5548
Wallis and Futuna,WLF,2006,99.538864
Wallis and Futuna,WLF,2007,99.522934
Wallis and Futuna,WLF,2008,99.506996
Wallis and Futuna,WLF,2009,99.491066
Wallis and Futuna,WLF,2010,99.47513
Wallis and Futuna,WLF,2011,99.4592
Wallis and Futuna,WLF,2012,99.44326
Wallis and Futuna,WLF,2013,99.42733
Wallis and Futuna,WLF,2014,99.41139
Wallis and Futuna,WLF,2015,99.39546
Wallis and Futuna,WLF,2016,99.379524
Wallis and Futuna,WLF,2017,99.36359
Wallis and Futuna,WLF,2018,99.34766
Wallis and Futuna,WLF,2019,99.33172
Wallis and Futuna,WLF,2020,99.31579
Wallis and Futuna,WLF,2021,99.29985
Wallis and Futuna,WLF,2022,99.28392
Wallis and Futuna,WLF,2023,99.28392
Wallis and Futuna,WLF,2024,99.28392
Western Pacific (WHO),WHO_WPAC,2000,81.56232
Western Pacific (WHO),WHO_WPAC,2001,81.966866
Western Pacific (WHO),WHO_WPAC,2002,83.155685
Western Pacific (WHO),WHO_WPAC,2003,83.93869
Western Pacific (WHO),WHO_WPAC,2004,84.704124
Western Pacific (WHO),WHO_WPAC,2005,85.45686
Western Pacific (WHO),WHO_WPAC,2006,86.18374
Western Pacific (WHO),WHO_WPAC,2007,86.89119
Western Pacific (WHO),WHO_WPAC,2008,87.58054
Western Pacific (WHO),WHO_WPAC,2009,88.24746
Western Pacific (WHO),WHO_WPAC,2010,88.88119
Western Pacific (WHO),WHO_WPAC,2011,89.4537
Western Pacific (WHO),WHO_WPAC,2012,90.00081
Western Pacific (WHO),WHO_WPAC,2013,90.52841
Western Pacific (WHO),WHO_WPAC,2014,91.037674
Western Pacific (WHO),WHO_WPAC,2015,91.5277
Western Pacific (WHO),WHO_WPAC,2016,91.998924
Western Pacific (WHO),WHO_WPAC,2017,92.450935
Western Pacific (WHO),WHO_WPAC,2018,92.89674
Western Pacific (WHO),WHO_WPAC,2019,93.31331
Western Pacific (WHO),WHO_WPAC,2020,93.70524
Western Pacific (WHO),WHO_WPAC,2021,94.238976
Western Pacific (WHO),WHO_WPAC,2022,94.862976
Western Pacific (WHO),WHO_WPAC,2023,95.306435
Western Pacific (WHO),WHO_WPAC,2024,95.34593
World,OWID_WRL,2000,81.59163
World,OWID_WRL,2001,81.90901
World,OWID_WRL,2002,82.495926
World,OWID_WRL,2003,82.96709
World,OWID_WRL,2004,83.433815
World,OWID_WRL,2005,83.869194
World,OWID_WRL,2006,84.333336
World,OWID_WRL,2007,84.79157
World,OWID_WRL,2008,85.25786
World,OWID_WRL,2009,85.706
World,OWID_WRL,2010,86.14671
World,OWID_WRL,2011,86.504166
World,OWID_WRL,2012,86.91866
World,OWID_WRL,2013,87.331
World,OWID_WRL,2014,87.74026
World,OWID_WRL,2015,88.14661
World,OWID_WRL,2016,88.546104
World,OWID_WRL,2017,88.925316
World,OWID_WRL,2018,89.317955
World,OWID_WRL,2019,89.69837
World,OWID_WRL,2020,90.06854
World,OWID_WRL,2021,90.4761
World,OWID_WRL,2022,90.87132
World,OWID_WRL,2023,91.23229
World,OWID_WRL,2024,91.46836
Yemen,YEM,2000,40.09888
Yemen,YEM,2001,40.322792
Yemen,YEM,2002,40.550148
Yemen,YEM,2003,41.548187
Yemen,YEM,2004,42.5403
Yemen,YEM,2005,44.040325
Yemen,YEM,2006,45.55793
Yemen,YEM,2007,47.0921
Yemen,YEM,2008,48.642227
Yemen,YEM,2009,50.2077
Yemen,YEM,2010,51.787884
Yemen,YEM,2011,53.381786
Yemen,YEM,2012,54.988777
Yemen,YEM,2013,56.608566
Yemen,YEM,2014,58.239815
Yemen,YEM,2015,59.88223
Yemen,YEM,2016,61.534813
Yemen,YEM,2017,63.196945
Yemen,YEM,2018,64.86766
Yemen,YEM,2019,66.54664
Yemen,YEM,2020,68.23292
Yemen,YEM,2021,69.92561
Yemen,YEM,2022,71.62435
Yemen,YEM,2023,73.32777
Yemen,YEM,2024,75.03576
Zambia,ZMB,2000,46.2308
Zambia,ZMB,2001,47.32916
Zambia,ZMB,2002,48.566933
Zambia,ZMB,2003,49.794666
Zambia,ZMB,2004,51.012325
Zambia,ZMB,2005,52.219357
Zambia,ZMB,2006,53.41626
Zambia,ZMB,2007,54.60251
Zambia,ZMB,2008,55.779037
Zambia,ZMB,2009,56.94393
Zambia,ZMB,2010,58.09906
Zambia,ZMB,2011,59.243465
Zambia,ZMB,2012,60.37932
Zambia,ZMB,2013,61.506893
Zambia,ZMB,2014,62.62519
Zambia,ZMB,2015,63.734898
Zambia,ZMB,2016,64.83505
Zambia,ZMB,2017,65.92593
Zambia,ZMB,2018,67.00737
Zambia,ZMB,2019,68.07889
Zambia,ZMB,2020,69.14036
Zambia,ZMB,2021,70.22283
Zambia,ZMB,2022,71.29589
Zambia,ZMB,2023,72.359
Zambia,ZMB,2024,73.41204
Zimbabwe,ZWE,2000,67.921745
Zimbabwe,ZWE,2001,68.08873
Zimbabwe,ZWE,2002,68.265854
Zimbabwe,ZWE,2003,68.23002
Zimbabwe,ZWE,2004,68.16056
Zimbabwe,ZWE,2005,68.08982
Zimbabwe,ZWE,2006,68.01738
Zimbabwe,ZWE,2007,67.94362
Zimbabwe,ZWE,2008,67.868126
Zimbabwe,ZWE,2009,67.79127
Zimbabwe,ZWE,2010,67.71264
Zimbabwe,ZWE,2011,67.63263
Zimbabwe,ZWE,2012,67.550804
Zimbabwe,ZWE,2013,67.46756
Zimbabwe,ZWE,2014,67.394356
Zimbabwe,ZWE,2015,67.33155
Zimbabwe,ZWE,2016,67.27867
Zimbabwe,ZWE,2017,67.23568
Zimbabwe,ZWE,2018,67.202934
Zimbabwe,ZWE,2019,67.179596
Zimbabwe,ZWE,2020,67.16642
Zimbabwe,ZWE,2021,67.162605
Zimbabwe,ZWE,2022,67.16891
Zimbabwe,ZWE,2023,67.18492
Zimbabwe,ZWE,2024,67.21102
